,Car Park,Weekdays  before 5/6pm,Weekdays  after 5/6pm,Saturdays,Sundays/Public Holidays
0,22 Bideford Road,7am-4.59pm: $3 for 1st hr; $1.50 for sub. 30min; 11am to 3pm: Peak hour surcharge $1.00 (per entry including hourly rate),5pm-6.59am: $4.50 per entry.,7am-4.59pm: $3 for 1st hr; $1.50 for sub. 30min; 11am to 3pm: Peak hour surcharge $1.00 (per entry including hourly rate),7am-4.59pm: $3 for 1st hr; $1.50 for sub. 30min; 11am to 3pm: Peak hour surcharge $1.00 (per entry including hourly rate)
1,313@Somerset,Monday to Thursday: 7am-7am: $3.05 for 1st hr; $1.31 for sub. 30min,-,Friday to Sunday and Public Holiday: 7am-7am: $3.27 for 1st hr; $1.64 for sub. 30min,Friday to Sunday and Public Holiday: 7am-7am: $3.27 for 1st hr; $1.64 for sub. 30min
2,50 Scotts Road; Singapore 228242,7am-10.59am/2pm- 4.59pm: $2.50 for 1st hr; $1.20 for sub. 30min; 11am -1.59pm: $3.00 for 1st hr; $1.50 for sub. 30min,5pm-6.59am: $3.50 per entry.,$3.50 per entry,$3.50 per entry
3,51 Cuppage Road (Formerly Starhub Centre),7am-7am: $2.80 for 1st hr; $1.20 for sub. 30min or part thereof,7am-7am: $2.80 for 1st hr; $1.20 for sub. 30min or part thereof,7am-7am: $2.80 for 1st hr; $1.20 for sub. 30min or part thereof,7am-7am: $2.80 for 1st hr; $1.20 for sub. 30min or part thereof
4,Angullia Park Off-Street,7am-11am: $1.30/30min (Per Minute Charging); 11am-5pm: $1.50/30min (Per Minute Charging),5pm-10.30pm: $0.80/30min (Per Minute Charging); 10.30pm-7am the following day: capped at $5.60,Same as Weekdays,7am to 11am : $0.70/30min; 11am to 10.30pm: $0.80/30min (Per Minute Charging); 10.30pm-7am the following day: capped at $5.60
5,Cathay Cineleisure Orchard,7am-4.59pm: $2.40 for 1st hr; $1.40 for sub. 30min,5pm-6.59am: $0.04/min,7am-10.59am: $4.80 per entry; 11am-7.59pm: $2.50 per hr; 8pm-6.59am: $0.05/min,7am-10.59am: $4.80 per entry; 11am-7.59pm: $2.50 per hr; 8pm-6.59am: $0.05/min
6,Claymore Connect,7am-6pm: $3.50 for 1st hr or part thereof; $1.50 for sub. 30min,Aft 6pm: $5.50 per entry,7am-6pm: $3.50 for 1st hr or part thereof; $1.50 for sub. 30min,$5.50 per entry
7,ComCentre (Exeter Rd),7am-6pm: $3 for 1st hr; $1.50 for sub. 30min,6pm-11pm: $3.00 per entry; 11pm-7am: $15 per entry,7am-1pm: $3 for 1st hr; $1.50 for sub. 30min; 1pm-11pm: $3 for 1st 2 hr; $1.00 for sub. 30min; 11pm-7am: $15 per entry.,7am-11pm: $3 for 1st 2hr; $1.00 for sub. 30min; 11pm-7am: $15 per entry
8,Concorde Hotel,7am-6pm: $2.14 for 1st hr; $1.39 for sub. 30min,Aft 6pm: $3.75 per entry,7am-6pm: $2.14 for 1st hr; $1.39 for sub. 30min,$3.75 per entry
9,Delfi Orchard,8am-6pm: $3.64 for 1st hr; $2.35 for next sub. 30min,6pm-11pm: $5.35/entry,8am-6pm: $3.64 for 1st hr; $2.35 for next sub. 30min,$5.35 every 4 hrs
10,Elizabeth Hotel,7am-6pm: $4 for 1st hr; $2 for sub. 30min,Aft 6pm: $5 per entry,7am-6pm: $4 for 1st hr; $2 for sub. 30min,$5 per entry
11,Far East Plaza,8am-5pm: $1.80 for 1st hr; $1.50 for sub. 30min,Aft 5pm: $3.50 per entry,8am-5pm: $1.80 for 1st hr; $1.50 for sub. 30min,8am-5pm: $1.80 for 1st hr; $1.50 for sub. 30min
12,Far East Shopping Centre,$3 for 1st hr; $1.50 for sub. 30min or part thereof.,6pm-12am: $3.50 per entry; 12am-8am: $5 per entry.,$3 for 1st hr; $1.50 for sub. 30min or part thereof.,$3 for 1st hr; $1.50 for sub. 30min or part thereof.
13,Forum The Shopping Mall,6am-5pm: $2.60 for 1st hr; $1.30 for sub. 30min or part thereof.,Aft 5pm: $3.50 per entry,6am-5pm: $2.80 for 1st hr; $1.50 for sub. 30min or part thereof; Aft 5pm: $3.50 per entry,6am-5pm: $2.80 for 1st hr; $1.50 for sub. 30min or part thereof; Aft 5pm: $3.50 per entry
14,Four Seasons Hotel,6am-6pm: $6 for 1st hr; $3 for sub. 30min,Aft 6pm: $6 per entry,6am-6pm: $6 for 1st hr; $3 for sub. 30min,6am-6pm: $6 for 1st hr; $3 for sub. 30min
15,Goodwood Park Hotel,8am-6.59pm: $5.05 for 1st hr; $2.53 for sub. 30min,6pm-8am: $6.06/entry,8am-6.59pm: $5.05 for 1st hr; $2.53 for sub. 30min,8am-7.59am: $6.06/entry
16,Grand Hyatt Singapore (Hotel currently closed for reno),4am-5.59pm: $4 for 1st hr; $2 for next sub. 30min,6pm-3.59am: $6/entry,4am-5.59pm: $4 for 1st hr; $2 for next sub. 30min,4am-5.59pm: $4 for 1st hr; $2 for next sub. 30min
17,Grange Road Off-Street,7am-11am: $1.30/30min (Per Minute Charging); 11am-5pm: $1.50/30min (Per Minute Charging),5pm-10.30pm: $0.80/30min (Per Minute Charging); 10.30pm-7am the following day: $0.70/30min (Per Minute Charging) capped at $5.60,Same as Weekdays,7am-11am: $0.70/30min (Per Minute Charging); 11am-10.30pm: $0.80/30min (Per Minute Charging);10.30pm-7am the following day: $0.70/30min (Per Minute Charging) capped at $5.60
18,Hilton Singapore Orchard,7am-7am: $3.80 for 1st hr; $0.07/min sub.,-,7am-7am: $3.80 for 1st hr; $0.07/min sub.,7am-7am: $3.80 for 1st hr; $0.07/min sub.
19,Holiday Inn Express Singapore,7am-7am: $3.00/30min,-,7am-7am: $3.00/30min,7am-7am: $3.00/30min
20,Holiday Inn Singapore Orchard City Centre,12am-2.59pm: $4 per hr; 3pm-11.59pm: $1.20/hr. Capped at $13.90/day,3pm-11.59pm: $1.20 per hr. Capped at $13.90/day,12am-2.59pm: $4/hr; 3pm-11.59pm: $1.20/hr. Capped at $4.90/day,12am-2.59pm: $4/hr; 3pm-11.59pm: $1.20/hr. Capped at $4.90/day
21,International Building,7am-6pm: $3 for 1st hr; $1.50 for sub. 30min or part thereof,6pm-7am: $4 per entry,7am-6pm: $3 for 1st hr; $1.50 for sub. 30min or part thereof,7am-6pm: $3 for 1st hr; $1.50 for sub. 30min or part thereof
22,ION Orchard,Monday to Thursday: 8am-4.59pm: $2.73 for 1st hr; $1.31 for sub. 30min or part thereof,Monday to Thursday: 5pm-11.59pm: $3.05 per entry; 12am-7.59am $1.09 per hr or part thereof,Friday to Sunday and Public Holiday: 8am-5.59pm: $2.62 for 1st hr; $1.91 for sub. 30min or part thereof; 6pm-11.59pm: $3.82 per entry; 12am-7.59am $1.09 per hour or part thereof,Friday to Sunday and Public Holiday: 8am-5.59pm: $2.62 for 1st hr; $1.91 for sub. 30min or part thereof; 6pm-11.59pm: $3.82 per entry; 12am-7.59am $1.09 per hour or part thereof
23,Liat Towers,6.30am-5.59pm: $1.50/30min,6pm-10.59pm: $1.10/30min; 11pm to 6.29am the following day: $0.90/30min; capped at $7.20,Charges same as weekdays,6.30am-10.59pm: $1.10/30min; 11pm to 6.29am the following day: $0.90/30min; capped at $7.20
24,Lucky Plaza,7am-4.59pm: $2.20 for 1st hr; $1.74 for sub. 30min,Aft 5pm: $3.94/entry,7am-4.59pm: $2.20 for 1st hr; $1.74 for sub. 30min,Sunday: 7am-9.59pm: $2.20 for 1st hr; $1.74 for sub. 30min; 10pm-6.59am: $3.94/entry. PH: $4/entry (Does not apply if PH falls on Sunday)
25,Mandarin Gallery,6am-6pm: $3.80 for 1st hr; $2.50 for sub. 30min,$7.00/entry,6am-6pm: $3.80 for 1st hr; $2.50 for sub. 30min,6am-6pm: $3.80 for 1st hr; $2.50 for sub. 30min
26,Mount Elizabeth Hospital,6.30am-8am: $2.70/30min; 8am-11am: $3.50/30min; 11am-6.30pm: $3.20/30min.,6.30pm-6.30am (next morning): $5.00/entry.,6.30am-8am: $2.70/30min; 8am-11am: $3.50/30min; 11am-6.30pm: $3.20/30min.,6.30am-8am: $2.70/30min; 8am-11am: $3.50/30min; 11am-6.30pm: $3.20/30min.
27,Ngee Ann City,12.01am-12pm & 2.01pm-5pm: $1.28 every 30min or part thereof; 12.01pm-2pm: $1.82 every 30min or part thereof,5.01pm-7pm: $1.82 every 30min or part thereof; Aft 7pm: $4.28/entry,12.01am-12pm & 2.01pm-5pm: $2.57 for 1st hr; $1.61 every sub. 30min or part thereof; 12.01pm-2pm & 5.01pm-7pm: $3.64 for 1st hr; $2.14 every sub. 30min or part thereof; Aft 7pm: $4.28 per entry,12.01am-12pm & 2.01pm-5pm: $2.57 for 1st hr; $1.61 every sub. 30min or part thereof; 12.01pm-2pm & 5.01pm-7pm: $3.64 for 1st hr; $2.14 every sub. 30min or part thereof; Aft 7pm: $4.28 per entry
28,Orchard Building,6.30am-6pm: $1.40/30min,6pm-11pm: $1.20/30min; 11pm-6.30am: $0.90/30min; capped at maximum $7.20 for 4hrs,6.30am-6pm: $1.40/30min,6.30am-11pm: $1.20/30min; 11pm-6.30am : $0.90/30min; capped at maximum $7.20 for 4hrs
29,Orchard Central,12am-5.59pm: $2.73 for 1st hr; $0.68 for sub. 15 minutes,6pm-11.59pm: $4.09/entry,12am-5.59pm: $2.94 for 1st hr; $0.74 for sub. 15 minutes; 6pm-11.59pm: $4.41/entry,12am-5.59pm: $2.94 for 1st hr; $0.74 for sub. 15 minutes; 6pm-11.59pm: $4.41/entry
30,Orchard Grand Court,7am-5.59pm:$3.00 for 1st hr; $1.50 for next sub. 30min,6pm-6.59am: $4 per entry,7am-5.59pm:$3.00 for 1st hr; $1.50 for next sub. 30min,7am-7am the following day: $4.00/entry
31,Orchard Hotel Singapore,7am-6pm: $3.50 for 1st hr; $1.50 for sub. 30min,Aft 6pm: $5.50 per entry,7am-6pm: $3.50 for 1st hr; $1.50 for sub. 30min,$5.50 per entry
32,Orchard Plaza,7am-5pm: $1.65/30min,Aft 5pm: $4.57/entry for 1st 3hr; $1.39 for sub. 30min,7am-5pm: $1.65/30min,7am-5pm: $1.65/30min
33,Orchard Rendezvous Hotel (Formerly known as Orchard Parade Hotel),7am-6pm: $5 for 1st hr; $1.50 for sub. 30min,6pm to 7am the following day: $5 per entry,7am-6pm: $5 for 1st hr; $1.50 for sub. 30min,7am-6pm: $5 for 1st hr; $1.50 for sub. 30min
34,Orchard Towers,12am-11.59pm: $1.80/hr; Capped at $8.00/day,12am-11.59pm: $1.58/hr; Capped at $6.00/day,12am-11.59pm: $1.80/hr; Capped at $8.00/day,12am-11.59pm: $1.80/hr; Capped at $8.00/day
35,orchardgateway,12am-5.59pm: $2.38 for 1st 1hr or part thereof; $1.61 for sub. 30min or part thereof,6pm-11.59pm: $2.48 for 1st 1hr or part thereof; $1.62 for sub. 30min or part thereof,$2.48 for 1st 1hr or part thereof; $1.62 for sub. 30min or part thereof,$2.48 for 1st 1hr or part thereof; $1.62 for sub. 30min or part thereof
36,Pacific Plaza,12am-5.59pm: $3.05 for 1st hr; $0.76 for sub. 15 minutes,6pm-11.59pm: $4.58/entry,12am-5.59pm: $3.05 for 1st hr; $0.76 for sub. 15 minutes; 6pm-11.59pm: $4.58/entry,12am-5.59pm: $3.05 for 1st hr; $0.76 for sub. 15 minutes; 6pm-11.59pm: $4.58/entry
37,Palais Renaissance,7am-5pm: $3.85 for 1st hr or part thereof; $1.95 for sub. 30min or part thereof,5pm-1am: $4.60/entry; 1am - 7am: $1.80/hr or part thereof,7am-5pm: $3.85 for 1st hr or part thereof; $1.95 for sub. 30min or part thereof,7am-1am: $4.60/4hr; 1am-7am: $1.80/hr or part thereof
38,Pan Pacific Orchard,7am-4.59pm: $5.00 for 1st hr; $1.50 for sub. 30min,Aft 5pm: $5.50 per entry,7am-4.59pm: $5.00 for 1st hr; $1.50 for sub. 30min,$5.50 per entry
39,Pan Pacific Serviced Suites Orchard,8am-8am: $4.28 per hr; $2.14 per sub. 30min,-,8am-8am: $4.28 per hr; $2.14 per sub. 30min,8am-8am: $4.28 per hr; $2.14 per sub. 30min
40,Paragon Shopping Centre,3am-4.59pm: $3.00 for 1st hr; $1.60 for sub. 30min; Peak Hr Surcharge of $2 from 11am-3pm.,5pm-2.59am: $4.60 per entry,3am-4.59pm: $3.00 for 1st hr; $1.60 for sub. 30min; Peak Hr Surcharge of $2 from 11am-3pm.,3am-4.59pm: $3.00 for 1st hr; $1.60 for sub. 30min. 5pm-2.59am: $4.60 per entry
41,Penang Road Off-Street,7am-5pm $1.20/30min (Per Minute Charging),5pm-7am $0.70/30min (Per Minute Charging); Parking charges capped at $5.60 from 10.30pm-7am the following day,Same as Weekdays,7am-7am: $0.70/30min (Per Minute Charging; Parking charges capped at $5.60 from 10.30pm to 7am the following day
42,Plaza Singapura,12am-5.59pm: $1.95 for 1st hr; $0.55 for sub. 15min,6pm–11.59pm: $3.25 per entry,12am-2.59am: $0.55/15 min; 3am-5.59pm: $3.25 for 1st 2hr; $0.55 for every sub. 15min. 6pm–11.59pm: $3.25 per entry,12am-2.59am: $0.55/15 min; 3am-5.59pm: $3.25 for 1st 2hr; $0.55 for every sub. 15min. 6pm–11.59pm: $3.25 per entry
43,Pullman Singapore Orchard,6am-5.59pm: $2.30 for 1st hr; $1.60/30min,6pm-10.59pm:$2.50 for 1st hr; $1.90/30min; 11pm-5.59am: $5.00/entry,6am-10.59pm:$2.50 for 1st hr; $1.90/30min; 11pm-5.59am: $5.00 per entry.,6am-10.59pm:$2.50 for 1st hr; $1.90/30min; 11pm-5.59am: $5.00 per entry.
44,Regent Hotel,Basement Parking: 7am-6pm: $5 for 1st hr; $2.50 for sub. 30min. Cuscaden Parking: 7am-6pm: $7 for 1st hr; $3.50 for sub. 30min,Basement Parking: 6pm to 6.59am: $6/entry. Cuscaden Parking: 6pm to 6.59am:$7 for 1st hr; $3.50 for sub. 30min,Basement Parking: 7am-6pm: $5 for 1st hr; $2.50 for sub. 30min. Cuscaden Parking: 7am-6pm: $7 for 1st hr; $3.50 for sub. 30min,Basement Parking: 7am-6pm: $5 for 1st hr; $2.50 for sub. 30min. Cuscaden Parking: 7am-6pm: $7 for 1st hr; $3.50 for sub. 30min
45,Royal Plaza On Scotts,8am-6pm: $4.80 for 1st hr; $1.80 for sub. 30min,Aft 6pm: $5.80/entry,8am-6pm: $4.80 for 1st hr; $1.80 for sub. 30min,$5.80/entry
46,Scape,6.01am-6pm: $1.99 for 1st hr; $1.40 for sub. 30min,6.01pm-6am: $2.29 for 1st hr; $1.40 for sub. 30min,6.01am-6pm: $1.99 for 1st hr; $1.40 for sub. 30min,6.01am-6pm: $1.99 for 1st hr; $1.40 for sub. 30min
47,Scotts Square,8am-5.29pm : $3.27 for 1st hr; $1.64 for sub. ½ hr or part thereof.,5.30pm-7.59am: $4.91 per entry,8am-5.29pm : $3.27 for 1st hr; $1.64 for sub. ½ hr or part thereof.,8am-5.29pm : $3.27 for 1st hr; $1.64 for sub. ½ hr or part thereof.
48,Shangri-la Hotel,7am-5pm: $6 for 1st hr; $2 for sub. 30min,Aft 5pm: $8 per entry,7am-5pm: $6 for 1st hr; $2 for sub. 30min,7am-5pm: $6 for 1st hr; $2 for sub. 30min
49,Shaw Centre,3.01am-6pm: $2 for 1st hr; $1.50 for sub. 30min,6.01pm-3.01am: $4 per entry,3.01am-6pm: $2 for 1st hr; $1.50 for sub. 30min,3.01am-6pm: $2 for 1st hr; $1.50 for sub. 30min
50,Shaw House,3.01am-6pm: $2 for 1st hr; $1.50 for sub. 30min,6.01pm-3.01am: $4 per entry,3.01am-6pm: $2 for 1st hr; $1.50 for sub. 30min,3.01am-6pm: $2 for 1st hr; $1.50 for sub. 30min
51,Sheraton Towers Singapore,7am-6pm: $4.00 for 1st hr; $2.00 for next sub. 30min,Aft 6pm: $6 per entry,7am-6pm: $4.00 for 1st hr; $2.00 for next sub. 30min,$6 per entry
52,Singapore Marriott Tang Plaza Hotel,6am-6pm: $3.00 for 1st hr; $0.05/min,Aft 6pm: $6 per entry,6am-6pm: $3.00 for 1st hr; $0.05/min,6am-6pm: $3.00 for 1st hr; $0.05/min
53,Singapore Shopping Centre,8am-8pm: $2.50 for 1st hr; $1.25 for sub. 30min,Aft 8pm: $3 per entry,8am-8pm: $2.50 for 1st hr; $1.25 for sub. 30min,8am-8pm: $2.50 for 1st hr; $1.25 for sub. 30min
54,Tang Plaza,6am-6pm: $3.00 for 1st hr; $0.05/min up to a maximum charge of $18.00,Aft 6pm: $6 per entry,6am-6pm: $3.00 for 1st hr; $0.05/min up to a maximum charge of $18.00,6am-6pm: $3.00 for 1st hr; $0.05/min up to a maximum charge of $18.00
55,Tanglin Mall,6am-5pm: $2.40 for 1st hr; $1.20 for sub. 30min,Aft 5pm: $3.50 per entry,Charges same as weekdays; but $3.50 per entry after 1pm,$3.50 per entry
56,Tanglin Shopping Centre,8am-5.59pm: $3.50 for 1st hr; $1.75 for next sub.sequent 30min,Aft 6pm: $3.60 per entry,8am-5.59pm: $3.50 for 1st hr; $1.75 for next sub.sequent 30min,$3.60 per entry
57,The Atrium @ Orchard,12am-5.59pm: $1.95 for 1st hr; $0.55 for sub. 15min,6pm–11.59pm: $3.25 per entry,12am-2.59am: $0.55/15min; 3am-5.59pm: $3.25 for 1st 2hrs; $0.55 for sub. 15min; 6pm-11.59pm: $3.25 per entry,12am-2.59am: $0.55/15min; 3am-5.59pm: $3.25 for 1st 2hrs; $0.55 for sub. 15min; 6pm-11.59pm: $3.25 per entry
58,The Cathay,8am-9:59am: $1.40 per 30min; 10am-5:59pm: $1.40 per hr,6pm-7.59am: $3 per entry,8.00am-5.59pm: $1.40 per hour; 6pm-7.59am: $3 per entry,8.00am-5.59pm: $1.40 per hour; 6pm-7.59am: $3 per entry
59,The Centrepoint,6am-5.59am: $2.80 for 1st hr; $1.20 for sub. 30min or part thereof.,-,6am-5.59apm: $3 for 1st hr or part thereof; $1.20 for sub. 30min or part thereof.,6am-5.59apm: $3 for 1st hr or part thereof; $1.20 for sub. 30min or part thereof.
60,The Heeren,3am-4.59pm: $4.00 for 1st hour and $2.00 for sub. 30 min or part thereof,3am-4.59pm: $4.50 per entry,$6.00 for 1st two hours and $2.00 for sub. 30min or part thereof,$6.00 for 1st two hours and $2.00 for sub. 30min or part thereof
61,TripleOne Somerset,7am-5.59pm: $1.50 per 30min (charges are before GST),6pm-11.59am: $2.30 per entry; 12am-6.59am:$0.50 sub. 15 min,7am-5.59pm: $2 for 1st hr; $0.50 sub. 15 min. 6pm-11.59am: $2.30 per entry; 12am-6.59am:$0.50 sub. 15 min,7am-5.59pm: $2 for 1st hr; $0.50 sub. 15 min. 6pm-11.59am: $2.30 per entry; 12am-6.59am:$0.50 sub. 15 min
62,Visioncrest Commercial,"12am-6.59am: $3.24/entry; 7am-5.59pm: $2.70 for 1st hr, $1.35 for sub. 30min",6pm-11.59pm: $3.24 per entry,"12am-6.59am: $3.24/entry; 7am-5.59pm: $2.70 for 1st hr, $1.35 for sub. 30min",7am-11.59pm: $3.24 per entry; 12am-6.59am the following day: $3.24 per entry
63,Wheelock Place,6am-5.30pm: $3.27 for 1st hr; $1.64 for sub. 30min.,5.30pm-6am: $4.91 per entry.,6am-5.30pm: $3.27 for 1st hr; $1.64 for sub. 30min.,6am-5.30pm: $3.27 for 1st hr; $1.64 for sub. 30min.
64,Winsland House,7am-7pm: $2.50 for 1st hr; $1.20 for sub. 30min,7pm-11pm: $3.50 per entry; 11pm-7am: $3.50 per entry,7am-7pm: $2.50 for 1st hr; $1.20 for sub. 30min,7am-11pm: $4.50 per entry; 11pm-7am: $3.50 per entry
65,Wisma Atria,12am-5pm: $2.60 for 1st hr; $1.70 for sub. 30min (Lunch hr surcharge of additional $1.10 between 12pm-2pm daily),After 5pm: $5.00 per entry,12am-5pm: $2.70 for 1st hr; $1.70 for sub. 30min (Lunch hr surcharge of additional $1.10 between 12pm-2pm daily); After 5pm: $5.00 per entry,12am-5pm: $2.70 for 1st hr; $1.70 for sub. 30min (Lunch hr surcharge of additional $1.10 between 12pm-2pm daily); After 5pm: $5.00 per entry
66,York Hotel,8.01am-6pm: $3 for 1st hr; $1.50 for sub. 30min,6pm-8am: $4 per entry,8.01am-6pm: $3 for 1st hr; $1.50 for sub. 30min,$4 per entry
67,Yotel Singapore (shared carpark with International Building),7am-6pm: $3 for 1st hr or part thereof.; $1.50 for sub. 30min or part thereof.,6pm-7am: $4 per entry,7am-6pm: $3 for 1st hr or part thereof.; $1.50 for sub. 30min or part thereof.,7am-6pm: $3 for 1st hr or part thereof.; $1.50 for sub. 30min or part thereof.
68,Ang Mo Kio Hub,$1.70 for 1st hr or part thereof. $0.85 for sub ½ hr or part thereof.,$1.70 for 1st hr or part thereof. $0.85 for sub ½ hr or part thereof.,$1.80 for 1st hr or part thereof. $0.95 for sub ½ hr or part thereof.,$1.80 for 1st hr or part thereof. $0.95 for sub ½ hr or part thereof.
69,Balestier Plaza,$1.20/hr,$1.20/hr,$1.20/hr,$1.20/hr
70,Balestier Point,"8am-10pm: $1.40 for 1st hr, $0.70 for sub 30mins.",10pm-8am the following day: $2.50/entry.,"8am-10pm: $1.40 for 1st hr, $0.70 for sub 30mins.",8am-8am the following day: $2.50/entry.
71,Bras Basah Complex,7am-10am: $1.20 per ½ hr. 10am-10.30pm: $1.40 per ½ hr.,10am-10.30pm: $1.40 per ½ hr. 10.30pm-7am: $0.60 per ½ hr.,7am-10am: $1.20 per ½ hr. 10am-10.30pm: $1.40 per ½ hr.,7am-10am: $1.20 per ½ hr. 10am-10.30pm: $1.40 per ½ hr.
72,Burghley Lifestyle Hub,7am-7am the following day: $0.02/min,7am-7am the following day: $0.02/min capped at $2.14,7am-7am the following day: $0.02/min,7am-7am the following day: $0.02/min
73,Causeway Point,6am-5.59am: $1.40 for 1st hr; $0.80 for sub. 30mins or part thereof.,6am-5.59am: $1.40 for 1st hr; $0.80 for sub. 30mins or part thereof.,6am-5.59am: $1.50 for 1st hr; $0.80 for sub. 30mins or part thereof.,6am-5.59am: $1.50 for 1st hr; $0.80 for sub. 30mins or part thereof.
74,City Square Mall,"6am- 5.59pm: $2.18 for 1st hr or part thereof, $1.09 for every sub 30mins or part thereof.",6pm-5.59am: $3.27 per entry.,"6am-5.59pm: $2.18 for 1st hr or part thereof, $1.09 for every sub 30mins. 6pm-5.59am: $3.82 per entry.","6am-5.59pm: $2.18 for 1st hr or part thereof, $1.09 for every sub 30mins. 6pm-5.59am: $3.82 per entry."
75,Compass One,Daily (7am-11pm): $1.50 for 1st hr; $0.80 for sub 30mins period.,-,-,-
76,Connexion,"7am-5.59pm: $3 for 1st hr, $1.50 for sub 30 mins.",6pm-6.59am: $4 per entry.,"7am-5.59pm: $3 for 1st hr, $1.50 for sub 30 mins.","7am-5.59pm: $3 for 1st hr, $1.50 for sub 30 mins."
77,Goldhill Plaza,7am-5.30pm: $1.60 for 1st hr; $1 for next sub. 30min,5.30pm-12am: $2/entry . 12am-11.59pm: $0.64 for next sub. 30min,7am-5.30pm: $1/hr; 5.30pm-12am: $2/entry; 12am-7am the following day: $2/entry.,7am-5.30pm: $1/hr; 5.30pm-12am: $2/entry; 12am-7am the following day: $2/entry.
78,Greenwich V,6am-5.59pm: $1.53 for 1st hr; $0.38 for sub. 15 mins.,6pm-12am: $2.29 per entry.,6am-5.59pm: $1.53 for 1st hr; $0.38 for sub. 15 mins.,6am-5.59pm: $1.53 for 1st hr; $0.38 for sub. 15 mins.
79,Heartland Mall,7am-10.30pm: $1 per hr,Aft 10.30pm: $2 per hr,7am-10.30pm: $1 per hr,7am-10.30pm: $1 per hr
80,Hougang Green Shopping Mall,7am-4.59pm: $1.30 for 1st hr; $0.70 for next sub. 30min.,5pm-11.59pm: $3 per entry; 12am-6.59am the following day: $5 per entry.,7am-4.59pm: $1.30 for 1st hr; $0.70 for next sub. 30min.,7am-11.59pm: $3 per entry; 12am-6.59am the following day: $5 per entry.
81,Hougang Mall,6am-6pm: $1.35 for 1st hr; $0.95 sub.30mins or part thereof,6pm-6am: $2.25 per entry,6am-6pm: $1.50 for 1st hr; $1.15 sub.30mins or part thereof; 6pm-6am: $2.25 per entry,6am-6pm: $1.50 for 1st hr; $1.15 sub.30mins or part thereof; 6pm-6am: $2.25 per entry
82,Hougang1,6am-5.59pm: $1.64 for 1st hr; $0.41 for sub. 15 mins.,6pm-12am: $2.45 per entry.,6am-5.59pm: $1.74 for 1st hr; $0.44 for sub. 15 mins. 6pm-12am: $2.62 per entry.,6am-5.59pm: $1.74 for 1st hr; $0.44 for sub. 15 mins. 6pm-12am: $2.62 per entry.
83,Junction 8,12am-5.59pm - $1.35 for 1st hr; $0.45 for sub. 15 mins,6pm-11.59pm: $2.65 per entry,12am-5.59pm - $2.65 for 1st 2hr; $0.45 for sub. 15 mins. 6pm-11.59pm: $2.65 per entry,12am-5.59pm - $2.65 for 1st 2hr; $0.45 for sub. 15 mins. 6pm-11.59pm: $2.65 per entry
84,Mapex Building,7am-7pm: $1.29 per hr,7pm-7am: $2.68 per entry,7am-7pm: $1.29 per hr,7am-7pm: $1.29 per hr
85,Mustafa Centre,7am-1.30am the followng day: $1 per 30mins,7am-1.30am the followng day: $1 per 30mins,7am-1.30am the followng day: $1 per 30mins,7am-1.30am the followng day: $1 per 30mins
86,Nex Mall,Mon-Fri: $1.50 for 1st hr; $0.75 for sub. ½ hr or part thereof.,Same as Saturday,$1.60 for 1st hr; $0.80 for sub. ½ hr or part thereof.,$1.60 for 1st hr; $0.80 for sub. ½ hr or part thereof.
87,Northpoint City,6am-5.59am: $1.40 for 1st hr; $0.80 for sub. 30mins.,6am-5.59am: $1.40 for 1st hr; $0.80 for sub. 30mins.,6am-5.59am: $1.50 for 1st hr; $0.80 for sub. 30mins.,6am-5.59am: $1.50 for 1st hr; $0.80 for sub. 30mins.
88,Oasia Hotel Novena,"6am-6pm: $2.50 for 1st hr, $1.20 for sub 30mins or part thereof.",6pm-6am the following day: $2.50 per entry,"6am-6pm: $2.50 for 1st hr, $1.20 for sub 30mins or part thereof.",6am to 6am the following day :$3.00/entry
89,PARKROYAL On Kitchener Road,6am-5.59pm: $2 for 1st hr; $0.80 for sub 30mins and part thereof.,6pm-5.59am: $3 per entry.,6am-5.59pm: $2 for 1st hr; $0.80 for sub 30mins and part thereof.,6am-5.59pm (next day): $3.50 per entry
90,Parliament House,8am-6pm: $1.38 per 30 mins,6.01pm-7.59am the following day: $2.41 per 4hr block,8am-6pm: $1.38 per 30 mins,8am-7.59am the following day: $2.41 per 4hr block
91,Ramada by Wyndham Singapore,6am-6pm: $1.80 per hr (Zhongshan Mall),Aft 6pm: $2.20 per entry,6am-6pm: $1.80 per hr (Zhongshan Mall),6am-6pm: $1.80 per hr (Zhongshan Mall)
92,Rivervale Mall,"Daily: $1.28 for 1st hr, $0.64 for sub. 30 mins or part thereof.",-,-,-
93,Sembawang Shopping Centre,12am-11.59pm: $1.53 for 1st hr; $0.87 for sub. 30 mins,12am-11.59pm: $1.53 for 1st hr; $0.87 for sub. 30 mins,12am-11.59pm: $1.64 for 1st hr; $0.87 for sub. 30 mins.,12am-11.59pm: $1.64 for 1st hr; $0.87 for sub. 30 mins.
94,Shaw Plaza,6am-5.59pm: $1.80/hr,6pm-5.59am the following day: $3.00/entry,6am-5.59pm: $1.80/hr,6am-5.59pm: $1.80/hr
95,Singapore Turf Club,9.00am-11.00pm: $3 per entry,-,9.00am-11.00pm: $6 per entry,-
96,Square 2,7am-6pm: $2.38 for 1st hr; $1.19 for sub. ½ hr or part thereof,6.01pm to 6.59am: $2.70 per entry,7am-6pm: $2.38 for 1st hr; $1.19 for sub. ½ hr or part thereof,7am-6pm: $2.38 for 1st 4hrs; $1.19 for sub. ½ hr; 6.01pm to 6.59am: $2.70 per entry
97,Sun Plaza,7am-4.59pm: $1.39 for 1st hr; $0.75 for sub. ½ hr,5pm-10.59pm: $2.68 per entry; 11pm-6.59am: $3.96 per entry,7am-4.59pm: $1.39 for 1st hr; $0.75 for sub. ½ hr,7am-4.59pm: $1.39 for 1st hr; $0.75 for sub. ½ hr
98,Tekka Place,"7am-6pm: $2.00 for 1st hr, sub 30mins at $1.00. Grace Period 15mins",6pm-12am: $3.00 per entry 12am to 7am: $1.00 per 30mins. Grace Period 15mins,"7am-6pm: $2.00 for 1st hr, sub 30mins at $1.00. Grace Period 15mins","7am-6pm: $2.00 for 1st hr, sub 30mins at $1.00. Grace Period 15mins"
99,Thomson Plaza,"7am-11.59pm: $1.40 for 1st hr, $0.70 for sub ½ hr.",12am-6.59am: $5 per entry.,"7am-11.59pm: $1.50 for 1st hr, $0.75 for sub ½ hr. 12am-6.59am: $5 per entry.","7am-11.59pm: $1.50 for 1st hr, $0.75 for sub ½ hr. 12am-6.59am: $5 per entry."
100,Toa Payoh HDB Hub,7am-6pm: $0.60/30min,"6pm-10.30pm:$1.50/entry, 10.30pm-7am the following day:$5.00/entry",7am-6pm: $0.60/30min,"7am-10.30pm:$1.50/entry, 10.30pm-7am the following day:$5.00/entry"
101,United Square Shopping Mall,6am-6pm: $2.40 for 1st hr; $0.60 for sub. 15 mins,Aft 6pm: $2.60 per entry,6am-6pm: $2.40 for 1st hr; $0.60 for sub. 15 mins,6am-6pm: $2.40 for 1st hr; $0.60 for sub. 15 mins
102,Velocity @ Novena Square,6am-6pm: $2.40 for 1st hr or part thereof; $0.60 for sub. 15 mins.,After 6pm: $2.60 per entry,6am-6pm: $2.40 for 1st hr or part thereof; $0.60 for sub. 15 mins.,6am-6pm: $2.40 for 1st hr or part thereof; $0.60 for sub. 15 mins.
103,Waterway Point,6am-5.59am: $1.50 for 1st hr; $0.80 for sub. ½ hr or part thereof.,-,6am-5.59am: $1.60 for 1st hr; $0.80 for sub. ½ hr or part thereof.,6am-5.59am: $1.60 for 1st hr; $0.80 for sub. ½ hr or part thereof.
104,YewTee Point,$1.42 for 1st hr; $0.87 for sub. ½ hr or part thereof.,$1.42 for 1st hr; $0.87 for sub. ½ hr or part thereof.,$1.50 for 1st hr; $0.87 for sub. ½ hr or part thereof.,$1.50 for 1st hr; $0.87 for sub. ½ hr or part thereof.
105,Aperia,12am-6.29pm: $1.64 for 1st hr or part thereof; $1.09 for every sub. 15min or part thereof,6pm-5:59am: $2.50 per entry,12am-6.29pm: $1.64 for 1st hr or part thereof; $1.09 for every sub. 15min or part thereof,12am-6.29pm: $1.64 for 1st hr or part thereof; $1.09 for every sub. 15min or part thereof
106,Bedok Mall,"12am-5.59pm: $1.55 for 1st hr, $0.40 for sub. 15min",6pm-11.59pm: $2.60 per entry,"12am-5.59pm: $1.55 for 1st hr, $0.40 for sub. 15min","12am-5.59pm: $1.55 for 1st hr, $0.40 for sub. 15min"
107,Century Square,3.01am-6pm: $1.28 for 1st hr; $0.68 every 15min or part thereof.,6.01pm-3am: $2.57 per entry,3.01am-6pm: $1.40 for 1st hr; $0.35 every 15min or part thereof (for sub. 2nd hr); $0.43 every 15 min or part thereof (for 3nd hr onwards; 6.01pm-3am: $2.57 per entry.,3.01am-6pm: $1.40 for 1st hr; $0.35 every 15min or part thereof (for sub. 2nd hr); $0.43 every 15 min or part thereof (for 3nd hr onwards; 6.01pm-3am: $2.57 per entry.
108,Changi Airport Hub & Spoke Car Park (Open-air car park between T2 and JetQuay),"$0.035 per min. Capped at $35 per 24hrs. (Limited parking spaces and on a first-come, first-served basis)",-,"$0.035 per min. Capped at $35 per 24hrs. (Limited parking spaces and on a first-come, first-served basis)","$0.035 per min. Capped at $35 per 24hrs. (Limited parking spaces and on a first-come, first-served basis)"
109,Changi Airport T1/Jewel Car Park,Short-term Parking (B2M and B2): First 90 mins: $0.04/min; sub. 30min or part thereof: $5/30min. General Parking (B3 to B5) S$0.04/min,-,Short-term Parking (B2M and B2): First 90 mins: $0.04/min; sub. 30min or part thereof: $5/30min. General Parking (B3 to B5) S$0.04/min,Short-term Parking (B2M and B2): First 90 mins: $0.04/min; sub. 30min or part thereof: $5/30min. General Parking (B3 to B5) S$0.04/min
110,"Changi Airport T2, T3, T4 Car Parks A & B",$0.04/min (or $57.60 for 24 hours of parking),-,$0.04/min (or $57.60 for 24 hours of parking),$0.04/min (or $57.60 for 24 hours of parking)
111,Changi City Point,6.01am-6pm: $1.50 for 1st hr; $0.75 for sub. 30min,6.01pm-6am: $2.70 per entry,6.01am-6pm: $2.70 for 1st 2hr; $1.30 for sub. 30min; 6.01pm-6am: $2.70 per entry,6.01am-6pm: $2.70 for 1st 2hr; $1.30 for sub. 30min; 6.01pm-6am: $2.70 per entry
112,Changi Village Hotel,6am-5pm: $4 for 1st hr; $3 for sub. hr,"MJonday - Thursday: 6pm-5am: $6.50 per entry. Friday: 5pm-12am: $4.00 for 1st hr, $3.00 for sub. hr; 12am-5am: $6.50/entry","6am-6am next day: $4 for 1st hr, $3 for sub. hr","6am-6am next day: $4 for 1st hr, $3 for sub. hr"
113,City Plaza,8am-5pm: $1.20 for 1st hr; $0.70 for sub. ½ hr,Aft 5pm: $1.50 per entry,8am-5pm: $1.20 for 1st hr; $0.70 for sub. ½ hr,$1.50 per entry
114,Downtown East,"Mon-Thu (excluding PH, Eve of PH & Sch Hol) $0.026/min; Max/day: $15 Free weekday 12pm-2pm parking; Fri-Sat (Including PH, Eve of PH & Sch Hol) $0.028 per min; 5pm-12am: $3.40 per entry. Max/day: $19.","Mon-Thu (excluding PH, Eve of PH & School Holiday) 5pm-12am: $2.40 per entry. Max/day:$15; Fri: $3.40 per entry.","Fri-Sat (Including PH, Eve of PH & School Holiday) $0.028 per min; 5pm-12am: $3.40 per entry. Max/day: $19.","Fri-Sat (Including PH, Eve of PH & School Holiday) $0.028 per min; 5pm-12am: $3.40 per entry. Max/day: $19."
115,D’Resort,"Mon-Thu (excluding PH, Eve of PH & Sch Holiday) $0.026/min; Max/day: $15; Fri-Sun (Including PH, Eve of PH & Sch Holiday) $0.035/min; Max/day: $21.",-,"Fri-Sun (Including PH, Eve of PH & Sch Holiday) $0.035/min; Max/day: $21.","Fri-Sun (Including PH, Eve of PH & Sch Holiday) $0.035/min; Max/day: $21."
116,East Coast Park E1/E2/E3 Off-Street,7am-10.30pm: 60¢ per 30min (capped at $5 for 10.30pm-7am),-,-,-
117,Eastpoint Mall,"Daily: $1.30 for 1st hr or part thereof, $0.65 for sub. 30min or part thereof.",-,-,-
118,Grand Mecure Roxy Hotel,Daily: $1.60 per hr,-,-,-
119,Holiday Inn Express Singapore Katong,"6.01am-10am: $0.48 for 1st hr, $0.12/15min; 10.01am-6pm: $0.96 for 1st hr; $0.24 for sub. 15min; Free parking from 12pm to 2pm except on PH","6.01pm-10pm: $1.00 for 1st hr, $0.25/15min; 10.01pm-6am: $0.32 for 1st hr, $0.08/15min","6.01am-10am: $0.54 for 1st hr; $0.16/15min; 10.01am-9pm: $1.28 for 1st hr; $0.65/15min. 9.01pm-6am: $0.54 for 1st hr, $0.16/15min","6.01am-10am: $0.54 for 1st hr; $0.16/15min; 10.01am-9pm: $1.28 for 1st hr; $0.65/15min. 9.01pm-6am: $0.54 for 1st hr, $0.16/15min"
120,Hotel Indigo Singapore Katong,"6.01am-10am: $0.48 for 1st hr, $0.12/15min; 10.01am-6pm: $0.96 for 1st hr; $0.24 for sub. 15min; Free parking from 12pm to 2pm except on PH","6.01pm-10pm: $1.00 for 1st hr, $0.25/15min; 10.01pm-6am: $0.32 for 1st hr, $0.08/15min","6.01am-10am: $0.54 for 1st hr; $0.16/15min; 10.01am-9pm: $1.28 for 1st hr; $0.65/15min. 9.01pm-6am: $0.54 for 1st hr, $0.16/15min","6.01am-10am: $0.54 for 1st hr; $0.16/15min; 10.01am-9pm: $1.28 for 1st hr; $0.65/15min. 9.01pm-6am: $0.54 for 1st hr, $0.16/15min"
121,i12 Katong,"6am-9:59am: $0.61 for 1st hr; $0.25 for sub. 15min; 10am-5:59pm: $1.09 for 1st hr, $0.32 for sub. 15min",6pm-5:59am: $3.08 per entry,"6am- 9:59am: $0.71 for 1st hr, $0.45 for sub 15 min; 10am- 5:59pm: $1.50 for 1st 30min; $0.66 for sub. 15min; 6pm-5:59am: $3.20 per entry","6am- 9:59am: $0.71 for 1st hr, $0.45 for sub 15 min; 10am- 5:59pm: $1.50 for 1st 30min; $0.66 for sub. 15min; 6pm-5:59am: $3.20 per entry"
122,IKEA (Tampines),Daily 7am-11pm: free,-,-,-
123,Katong Shopping Centre,7am-5.59pm: $1.20/30min,Aft 6pm: $2.00 per entry,7am-5.59pm: $1.20/30min,$2 per entry
124,Katong Square,"6.01am-10am: $0.50 for 1st hr, $0.20 for sub. 15min; 10.01am-6pm: $1.00 for 1st hr; $0.30 for sub. 15min.",6.01pm-10pm: $2.00 for 1st hr; $0.50 for sub. 15 min; 10.01pm-6am: $2.50 per entry,6.01am-10am: $0.60 for 1st hr; $0.40 for sub. 15min; 10.01am-9pm: $2.00 for 1st hr; $0.50 for sub. 15min; 9.01pm-6am: $2.50 per entry.,6.01am-10am: $0.60 for 1st hr; $0.40 for sub. 15min; 10.01am-9pm: $2.00 for 1st hr; $0.50 for sub. 15min; 9.01pm-6am: $2.50 per entry.
125,Katong V,$1.64 for the first 1 hour; $0.41 for sub. 15min,Per Entry: $2.45 (6pm to midnight),$1.64 for the first 1 hour; $0.41 for sub. 15min,$1.64 for the first 1 hour; $0.41 for sub. 15min
126,Lifelong Learning Institute,6am-6pm: $1.15 per 30min; Max.cap $18 (full day); 12am-6am next day: $12 per entry,6pm-12am: $3.00 per entry,6am-1pm: $1.15 per 30 min block; 1pm-12am: $3 per entry; 12am-6am next day: $12 per entry,6am-12am: $3 per entry; 12am-6am next day: $12 per entry
127,NTUC Income Tampines Junction,"6am-6pm: $1.50 for 1st hr, $0.75 for next sub 30min",6pm-6am next day: $2.50 per entry,"6am-6pm: $1.50 for 1st hr, $0.75 for next sub 30min",6am-6am next day: $3 per entry
128,Parkway Parade,2am-5.59pm: $1.75 first hour; $0.44 for sub. 15min (or part thereof),6pm-1.59am: $3.49/entry,2am-5.59pm: $1.75 first hour; $0.44 for sub. 15min (or part thereof),2am-5.59pm: $1.75 first hour; $0.44 for sub. 15min (or part thereof)
129,Roxy Square,7am-6pm: $0.60 for 1st 30min; $0.70 for sub. 30min,6pm-12am: $2.50 per entry. 12am-7am the following day: $0.70 for sub. 30min,7am-6pm: $0.60 for 1st 30min; $0.70 for sub. 30min,7am-6pm: $0.60 for 1st 30min; $0.70 for sub. 30min
130,Siglap Centre,12am-6pm: $1.68 for the first 1 hour; $0.42 for sub. 15min,Per Entry: $2.45 (6pm to midnight),"12am-6pm: $1.85 for the first 1 hour; $0.46 for sub. 15min; 6pm,-12am: $2.45 Per Entry","12am-6pm: $1.85 for the first 1 hour; $0.46 for sub. 15min; 6pm,-12am: $2.45 Per Entry"
131,Singapore Expo,"Daily: $1.80 for 1st hr, $1.80 for 2nd hr; $1.50 for sub. 30 min or part thereof",-,-,-
132,Singapore University of Technology and Design,"Daily: $0.02 per min, excluding GST.",-,-,-
133,SingPost Centre,"6am-6pm: $1.64 for 1st hr, $0.87 for sub ½ hr or part thereof",6pm-6am: $2.73 per entry,6am-1pm: $1.64 for 1st hr; $0.87 for sub ½ hr or part thereof; 1pm-6am: $2.73 per entry,$2.73 per entry
134,Tampines 1,6am-5.59pm: $1.40 for 1st hr; $0.95/30min,6pm-5.59am: $2.70 per entry,6am-5.59pm: $1.40 for 1st hr; $0.95/30min,6am-5.59pm: $1.40 for 1st hr; $0.95/30min
135,Tampines Mall,12am-5.59pm: $1.35 for 1st hr; $0.45 for sub. 15min or part thereof,6pm-11.59pm: $2.65 per entry,3am-5.59pm: $2.65 for 1st 2hrs; $0.45 for sub. 15min or part thereof; 6pm-11.59pm: $2.65 per entry.12am-2.59am: $0.45 for sub. 15min or part thereof,3am-5.59pm: $2.65 for 1st 2hrs; $0.45 for sub. 15min or part thereof; 6pm-11.59pm: $2.65 per entry.12am-2.59am: $0.45 for sub. 15min or part thereof
136,Tampines Plaza 1 & 2,8am-5pm: $1.02 per ½ hr,5pm to 1am: $2.02 per entry; 1am to 8am: $2.04 for 1st 2hr; $8.15 sub. (after the 1st 2hr),8am-5pm: $1.02 per ½ hr,8am-5pm: $2.55 per entry; 5pm to 1am: $2.02 per entry; 1am to 8am: $2.04 for 1st 2hr; $8.15 subsequent (after the 1st 2hr)
137,Tanjong Katong Complex,7am-10.30pm: 60¢ per 30min (capped at $5 for 10.30pm-7am),-,-,-
138,Telepark,Daily: 7am-10pm: $1.00/30min,10pm-6.59am next day: $1.00/30min (additional carpark exit surcharge of $22),-,-
139,Village Hotel Katong (Ex Paramount Hotel),Daily: $1.08 per hr,-,-,-
140,White Sands Shopping Centre,6am-5.59pm: $1.35 for 1st hr; $0.90/30min,6pm-5.59am: $2.45 per entry,12am-5.59pm: $1.50 for 1st hr or part thereof; $1.10 every 30min or part thereof; 6pm-11.59pm: $2.45 per entry,12am-5.59pm: $1.50 for 1st hr or part thereof; $1.10 every 30min or part thereof; 6pm-11.59pm: $2.45 per entry
141,White Sands Shopping Centre,12am-5.59pm: $1.28 for 1st hr or part thereof; $0.85 for sub 30 mins or part thereof,6pm-11.59pm: $2.40 per entry,12am-5.59pm: $1.44 for 1st hr or part thereof; $1.07 every 30 mins or part thereof; 6pm-11.59pm: $2.40 per entry,12am-5.59pm: $1.44 for 1st hr or part thereof; $1.07 every 30 mins or part thereof; 6pm-11.59pm: $2.40 per entry
142,10 Raeburn Park,"7am-4.59pm : $2.36 for 1st hr or part thereof, $1.16 sub. 30 mins or part thereof.",5pm-6.59am next day: $2.36 per entry.,"7am-4.59pm : $2.36 for 1st hr or part thereof, $1.16 sub. 30 mins or part thereof.",7am-6.59am next day: $2.36 per entry
143,1557 Keppel Road,"7am-6pm: $2.36 for 1st hr, $1.16 every sub 30mins.",6pm-7am (next day): $2.45 per entry.,"7am-6pm: $2.36 for 1st hr, $1.16 every sub 30mins.",7am-7am next day: $2.45 per entry
144,18 Robinson,12am-5.59pm: $3.03 half hourly,6pm-11.59pm: $3.24 per entry,12am-5.59pm: $3.03 half hourly,12am to 11.59pm: $3.24 per entry
145,61 Robinson,8am-5pm: $2.20 per ½ hr,5pm-12am: $3 per entry. $20 per entry after 12midnight,"Charges same as weekdays, but $2.50 per entry after 1pm",7am-12am: $3 per entry
146,Amara Hotel,8am-4.59pm: $2 per 30 mins,5pm-7.59am (next day) : $3 per entry,8am-4.59pm: $2 per 30 mins,8am-7.59m: $3 per entry
147,Asia Square,Tower 1 & 2: 7am-5.59pm: $1.07 per 10 min block or part thereof.,6pm onwards: Tower 1: $5.50 per entry; Tower 2: $5.40 per entry.,7am-6.59am next day: Tower 1: $5.50 per entry; Tower 2: $5.40 per entry.,7am-6.59am next day: Tower 1: $5.50 per entry; Tower 2: $5.40 per entry.
148,AXA Tower,7am-6pm: $2.30 per ½ hr,Aft 6pm: $2.80 per entry,7am-1pm: $2.30 per ½ hr; 1pm-6.59am: $2.80 per entry,7am-7am the following day: $2.80 per entry
149,Bangkok Bank Building,7am-7pm: $2.30 for 1st ½ hr; $4 for sub. hr,7am-7pm: $2.30 for 1st ½ hr; $4 for sub. hr,7am-3pm: $2.30 for 1st ½ hr; $4 for sub. hr,Closed
150,Beach Centre,7am-6pm: $2.16 for 1st 30min; $1.62 per sub.30min,6pm-7am the following day: $4.32 per entry,7am-6pm: $2.16 for 1st 30min; $1.62 per sub.30min,7am-7am the following day: $4.32 per entry
151,Berjaya Hotel,8.30am-5pm: $1 per ½ hr,5pm-10pm: $1 per hr; Aft 10pm: Free,8.30am-5pm: $1 per ½ hr,8.30am-10pm: $1 per hr; 10pm-8.30pm: Free
152,Bugis Junction,12am-5.59pm: $2.60 for 1st hr; $0.43 for sub. 10mins or part thereof,Aft 6pm:Mon-Thu: $3.30 per entry. Fri: $3.30 for 1st 2 hrs; $0.35 for sub. 10 mins or part thereof,$3.30 for 1st 2 hrs; $0.35 for sub. 10 mins or part thereof.,$3.30 for 1st 2 hrs; $0.35 for sub. 10 mins or part thereof.
153,Bugis+,12am-5.59pm: $2.20 for 1st hr; $0.55 for sub. 15 mins,6pm-11.59pm: Mon-Thu: $3.30 per entry; Fri: $3.30 for 1st 2hrs; $0.55 for sub. 15 mins.,$3.30 for 1st 2hrs; $0.55 for sub. 15 mins,$3.30 for 1st 2hrs; $0.55 for sub. 15 mins
154,Burlington Square,7am-4.59pm: $0.04 per min.,5pm-6.59am: $2.20 per entry.,7am-4.59pm: $0.04 per min.,7am-4.59pm: $0.04 per min.
155,CapitaCommercial Trust (CCT),8am-5pm: $2.05/30min,Aft 5pm: $3.10 per entry,Charges same as wkdays but $3.10 per entry after 1pm,$3.10 per entry
156,CapitaGreen,7am-5.59pm: $3.20 every 30 mins,6pm-6.59am (next day): $3.80 per entry,7am-12.59pm: $3.20 every 30 mins; 1pm-6.59am (next day): $3.80 per entry,$3.80 per entry
157,Capital Square,8am-6pm: $2.40/30min,6pm-8am: $3.20 per entry,8am to 8am next day: $3.20 per entry,8am to 8am next day: $3.20 per entry
158,Capital Tower,7am-5.59pm: $2.90 every 30 mins,6pm-6.59am next day: $3.80 per entry,7am-12.59pm: $2.90 every 30 mins; 1pm-6.59am next day: $3.80 per entry,7am-6.59am next day: $3.180 per entry
159,Capitol Piazza,"11am-5.59pm: $2.45 for 1st hr, $0.55 for sub 15 mins.",6pm-10.59pm: $3.45 per entry.,"Sat-Mon 11am-10.59am: $2 for 1st 2 hr, $0.55 for sub 15 mins.","Sat-Mon 11am-10.59am: $2 for 1st 2 hr, $0.55 for sub 15 mins."
160,Carlton Hotel,7am-6pm: $3.50 for 1st hr; $1.50 for for sub. ½ hr or part thereof.,6.01pm-6.59am: $6.50 per entry,7am-6pm: $3.50 for 1st hr; $1.50 for for sub. ½ hr or part thereof.,7am-6pm: $3.50 for 1st hr; $1.50 for for sub. ½ hr or part thereof.
161,Central Mall,7.01am-5pm: $2.40 for 1st hr; $1.20 for sub. ½ hr,5pm-7am next day: $3.60 per entry,7.01am-5pm: $2.40 for 1st hr; $1.20 for sub. ½ hr,7am-7am the next day: $3.60 per entry
162,Central ©,6am-5pm: $2.24 for 1st hr or part thereof; $1.12 for sub. ½ hr or part thereof,5pm-6am next day: $3.56 per entry,6am-5pm: $2.24 for 1st hr or part thereof; $1.12 for sub. ½ hr or part thereof,6am-5.59am next day: $3.56 per entry
163,Chijmes,8am-5.59pm: $0.65 per 15 mins.,6pm-10.59pm: Sun-Thurs: $0.71 per 15 mins. Fri: $0.76 per 15 mins. 11pm-7.59am: Sun-Thurs: $0.50 per 15 mins. Fri: $0.55 per 15 mins.,"8am-5.59pm: $0.71 per 15 mins. Fri, Sat, PH Eve, PH: 6pm-10.59pm: $0.76 per 15 mins. 11pm-7.59am: $0.55 per 15 mins.","8am-5.59pm: $0.71 per 15 mins. Fri, Sat, PH Eve, PH: 6pm-10.59pm: $0.76 per 15 mins. 11pm-7.59am: $0.55 per 15 mins."
164,China Square Central,8am-6pm: $1.80 per ½ hr or part thereof.,Aft 6pm-8am next day: $3 per entry. (12 midnight-6am: Closed),8am-8am next day: $3 per entry. (12 midnight-6am: Closed),8am-8am next day: $3 per entry. (12 midnight-6am: Closed)
165,Chinatown Point,7.01am-5pm: $1.64 for every 30mins or part thereof.,5.01pm-7am: $3.27 per entry,7.01am-5pm: $1.64 for every 30mins or part thereof.,7.01am-5pm: $1.64 for every 30mins or part thereof.
166,City Gate,7am-4.59pm: $1.67 per hr.,5pm-11.59pm: $2.22 per entry; 12am-6.59am the following day: $4.39 per entry.,7am-4.59pm: $1.67 per hr.,7am-11.59pm: $2.22 per hr; 12am-6.59am the following day: $4.39 per entry.
167,Clarke Quay,7am-6.59am (next morning): $1.35 for 1st hr; $0.45 for sub. 15 mins,$1.35 for 1st hr; $0.45 for sub. 15 mins,7am-6.59am (next morning): $1.35 for 1st hr; $0.45 for sub. 15 mins,7am-6.59am (next morning): $2.75 per entry
168,Clarke Quay Central,6am-5pm: $2.22 for 1st hr; $1.11 for sub 30min,5pm-6am the followng day: $3.53 per entry,6am-5pm: $2.22 for 1st hr; $1.11 for sub 30min,6am-6am the followng day: $3.53 per entry
169,Clifford Centre,7am-4.59pm: $2.50 per 30 mins.,5pm-12 midnight: $3 per entry. 12.01am-7am (next day): $3 per entry.,7am-4.59pm: $2.50 per 30 mins.,Closed.
170,Conrad Centennial Hotel,7am-6pm: $3.40 for 1st hr; $1.20 per sub.½ hr (Millenia Singapore - Basement Carpark),6pm-7am: $2.30 per entry,7am-7am: $2.30 for 1st 2hrs; $1.20 per sub. 1hr,7am-7am: $2.30 for 1st 2hrs; $1.20 per sub. 1hr
171,Copthorne King's Hotel,7am-12am: $4 for 1st hr; $1.50 for sub ½ hr,Aft 12am: $4 for 1st hr; $2 for sub ½ hr,7am-12am: $4 for 1st hr; $1.50 for sub ½ hr,7am-12am: $4 for 1st hr; $1.50 for sub ½ hr
172,CPF Building Robinson Road,6am-5pm:$1.50 per ½ hr,Closed at 5pm. Cars remaining from 5pm onward will be charged an additional flat rate of $5,Closed,Closed
173,Far East Square,6am-5.59pm: $4.36 for 1st hr; $1.09 sub 15 mins,6pm-12am: $3.27 per entry.,$3.27 per entry.,$3.27 per entry.
174,Far Eastern Bank Building,7am-6pm: $2.50 per 30min,6.30pm-7am: $3.20 per entry,7am-1pm: $2.50/30min; 1pm-7am: $3.20 per entry,Closed
175,Fortune Centre,7am-5pm: $3.22 per hr,5pm-7am next day: $4.82 per entry,7am-5pm: $3.22 per hr,7am-5pm: $3.22 per hr
176,Fu Lu Shou Complex,8am to 5pm: $1.20 per 30mins,5pm-11pm: $2.20 per entry,8am to 5pm: $1.20 per 30mins,8am to 5pm: $1.20 per 30mins
177,Fullerton Hotel,7.01am-6pm: $1.20 per 10 mins,6.01pm-12am: $6.54 per entry. 12.01am-7am-$7.63 per entry,7.01am-12am: $6.54 per entry; 12.01am-7am-$7.63 per entry,7.01am-12am: $6.54 per entry; 12.01am-7am-$7.63 per entry
178,Funan,"12am-5.59pm: $2.40 for 1st hr, $0.65 for sub 15min.",6pm-11.59pm: $3.30 per entry.,"12am-2.59pm: Every 15mins of part thereof at $0.65. 3am-5.59pm: $2.60 for 1st 2hr, $0.65 for sub 15min or part thereof . 6pm to 11.59pm: $3.30 per entry.","12am-2.59pm: Every 15mins of part thereof at $0.65. 3am-5.59pm: $2.60 for 1st 2hr, $0.65 for sub 15min or part thereof . 6pm to 11.59pm: $3.30 per entry."
179,Furama City Centre Singapore,5.59am-6pm: $1.70 per ½ hr,Aft 6pm: $3.21 per entry,Same as wkdays,$3.21 per entry
180,Furama Riverfront Singapore,7am-5pm: $1.07 per ½ hr,Aft 5pm: $6.42 per entry,7am-5pm: $1.07 per ½ hr,7am-5pm: $1.07 per ½ hr
181,Genting Centre,"7am-7pm: $3 for 1st hr, $2 for sub ½ hr.",Aft 7pm: $3 per entry.,"7am-7pm: $3 for 1st hr, $2 for sub ½ hr.",7am-7pm: $3 per entry. Aft 7pm: $3 per entry.
182,Golden Landmark Shopping Complex,8am-5pm: $2.35 for 1st hr $1.07 for sub ½ hr. or part thereof,Aft 5pm: $2.68 per entry.,8am-5pm: $2.35 for 1st hr $1.07 for sub ½ hr. or part thereof,8am-8am the following day: $2.68 per entry.
183,Golden Mile Tower,7am-7pm: $2.82 per hr,7pm-7am the following day: $2.31 per hr,7am-7pm: $2.82 per hr,7am-7pm: $2.82 per hr
184,GR.iD,"7am-5.59pm: $3 for 1st hr, $1.50 sub 30min",6pm-6.59am next day: $3.50 per entry,"7am-5.59pm: $3 for 1st hr, $1.50 sub 30min",$3.50 per entry
185,Grand Copthorne Waterfront Hotel,7am-5pm: $3.75 for 1st hr; $2.14 for sub. hr,5pm-7am next day: $4.28 per entry,7am-5pm: $3.75 for 1st hr; $2.14 for sub. hr,7am to 7am next day: $4.28 per entry
186,Grand Park City Hall Hotel,8am-5pm: $3.28 for 1st hr; $1.55 for sub. 30 mins,5pm-8am next day: $5.35 per entry,8am-5pm: $3.28 for 1st hr; $1.55 for sub. 30 mins,8am-5pm: $3.28 for 1st hr; $1.55 for sub. 30 mins
187,Great Eastern Centre,8am-6pm: $1.80 per ½ hr (Car park at China square central; B2 closed from 12am-6am daily),6pm-7.59am: $3.30 per entry,6am-8am next day: $3.30 per entry,8am to 5.59am next day: $3.30 per entry
188,Great World City,6.01am-5pm: $1.55 per hr + GST,5.01pm-6am next day: $3.30 per entry + GST,6am to 6am next day: $1.65 per hr + GST (Max. of $6 per entry + GST),6am to 6am next day: $1.65 per hr + GST (Max. of $6 per entry + GST)
189,Guoco Midtown,7am-4.59pm: $2.42 for 1st hr; $1.21 for sub. 30 min.,5pm-6.59am: $3.53 per entry.,7am-6.59am (next day): $3.53 per entry,7am-6.59am (next day): $3.53 per entry
190,Guoco Tower,7am-4.59pm: $4.10 per 30 mins for Carpark A. $2.50 per 30 mins for Carpark B.,5pm-6.59am: $3.50 per entry.,7am-6.59am (the next day): $3.50 per entry,7am-6.59am: $3.50 per entry
191,Harbourfront Centre,7am-6pm: $1.60 for 1st hr; $0.80 for sub. 30 mins,6pm-4am: $3.20 per entry; 4am-7am: $2.50 per hr,7am-6pm: $1.80 for 1st hr; $0.90 for sub. 30 mins. 6pm-4am: $3.50 per entry; 4am-7am: $2.50 per hr.,7am-6pm: $1.60 for 1st hr; $0.80 for sub. 30 mins
192,Havelock 2,7am-4.59pm: $1.50 per ½ hr,5pm-6.59am: $3.00 per entry,7am-4.59pm: $1.50 per ½ hr,7am-6.59am: $3.00 per entry
193,Holiday Inn Singapore Atrium,All day : S$2.00 per hour,All day : S$2.00 per hour,All day : S$2.00 per hour,All day : S$2.00 per hour
194,Hong Leong Building,7am-5pm: $3.00 per ½ hr,6pm-6am next day: $2 per hour,7am-12.59pm: $3.00 per ½ hr; 1pm-6.59am: $2.00/hr,7am-6.59am next day: $2.00/hr
195,Hotel Grand Pacific,7am-5pm: $1.50 per ½ hr,Aft 5pm: $4 per entry,7am-5pm: $1.50 per ½ hr,7am-7am next day: $4 per entry
196,Hub Synergy Point,7am-6pm: $2.60/hr,6pm-12am: $1/hr,7am-2pm: $1 per ½ hr; 2pm-12am: $1/hr,7am-12am: $1/hr
197,Ibis Singapore On Bencoolen Hotel,8am-5pm: $1.50 per 30min.,5pm-8am: $1.50 per 30min.,8am-5pm: $1.50 per 30min.,8am-5pm: $1.50 per 30min.
198,Icon Village,"7am-11.59am: $1.62 per ½ hr or part thereof. 12pm-1.59pm: 1st hr free, then $1.62 per ½ hr or part thereof. 2pm-4.59pm:$1.62 per ½ hr or part thereof.",5pm-6.59am next day: $3.24 per entry,7am-12.59am: $1.62 per ½ hr or part thereof. 1pm-6.59am next day: $3.24 per entry.,7am-6.59am next day: $3.24 per entry.
199,Income @ Prinsep,7am-7pm: $1.25 per ½ hr,7.01pm-6.59am: $3.50 per entry,7am-5pm: $1.25 per ½ hr; 5.01pm-6.59am: $3.50 per entry,7am-6.59am: $3.50 per entry
200,Income At Raffles,2am-6.30pm: $3.20/30min,6.30pm-2am the following day: $3.70 per entry,2am-2pm: $3.20/30min; 2pm-2am the following day: $3.70 per entry.,2am-6.29am: $3.20/30min; 6.30am-2am the following day: $3.70 per entry.
201,Inter-continental Singapore Hotel,8am-5pm: $1.60 for 1st hr; $0.40 for sub. 10mins,5pm-8am the following day: $2.70 for 1st 2hr; $0.27 for sub. 10mins,8am-8am the following day: $2.70 for 1st 2hr; $0.27 for sub. 10mins,8am-8am the following day: $2.70 for 1st 2hr; $0.27 for sub. 10mins
202,InterContinental Singapore Robertson Quay,"7am-6pm: $3.50 for 1st hr, $2 for next sub hr.",6pm-10pm: $5 per entry. 10pm-7am the following day: $2 for next sub 30 min.,"7am-6pm: $3.50 for 1st hr, $2 for next sub hr.","7am-6pm: $3.50 for 1st hr, $2 for next sub hr."
203,International Plaza,7am-5pm: $2.20 per 30 mins,5pm-7am the following day: $3 per entry,7am-3pm: $2.20 per 30 mins; 3pm-7am the following day: $3 per entry,$3 per entry
204,Keck Seng Tower,8am-6pm: $2.50 per ½ hr,6pm-10pm: $2.50 per entry,8am-2pm: $2.50 per ½ hr; 2pm-10pm: $2.50 per entry,Closed
205,Keppel Bay Tower / Harbourfront Tower One,7am-7pm: $1.03 per ½ hr,7pm-1am: $3.10 per entry; Aft 1am: $3.10 per hr,7am-7pm: $1.03 per ½ hr,7am-7pm: $1.03 per ½ hr
206,"klapsons, The Boutique Hotel","6.30am-6.30pm: $3 for 1st 3hr, $1.50 for next sub 30min",6.30pm to 6.30am - $ 4.00 flat,After 2pm - $4.00 flat,$4.00 flat
207,Landmark Village Hotel,8am-5pm:$2.35 for 1st hr; $1.07 for sub ½ hr.,5pm-8am the following day: $2.68 per entry.,8am-5pm:$2.35 for 1st hr; $1.07 for sub ½ hr.,$2.68 per entry.
208,M Hotel,7am-6pm: $2.80 per ½ hr,6pm-7am next day: $5.80 per entry,7am-1pm: $2.80 per ½ hr; after 1pm: $5.80 per entry,7am to 7am next day: $5.80 per entry
209,Mandarin Oriental Hotel,Mon-Thu: 7am-5pm: $3.27 for 1st 2hrs; $1.64 per ½ hr for sub. ½ hr (Car Park at Marina Square),Mon-Thu: 5pm-11pm: $2.25 per entry; 11pm-7am: $1.12 per ½ hr,Fri/Sat-Sun/PH: 7am-2am :$2.44 for 1st 2 hrs; $1.22 per hr for sub. 2hrs; $1.43 per ½ hr for sub. ½ hr after 4 hrs of parking. 2am-7am: $1.12 per ½ hr,Fri/Sat-Sun/PH: 7am-2am :$2.44 for 1st 2 hrs; $1.22 per hr for sub. 2hrs; $1.43 per ½ hr for sub. ½ hr after 4 hrs of parking. 2am-7am: $1.12 per ½ hr
210,Manulife Tower,6am-6pm: $2.60 per ½ hr,6pm-6am next day: $3.20 per entry,6am-8pm: $3.20 per entry car park closed at 8pm,6am-8pm: $3.20 per entry car park closed at 8pm
211,Marina Barrage,"5am-6pm: $0,025/min for the 1st 5hr, $0.05/min for next subsequent hr",6.01pm-12am: $0.02/min; 12.01am-4.59am: $0.05/min,"5am-6pm: $0,025/min for the 1st 5hr, $0.05/min for next subsequent hr","5am-6pm: $0,025/min for the 1st 5hr, $0.05/min for next subsequent hr"
212,Marina Bay Financial Centre Tower 1,6am-6pm: $1.18/10 mins block or part thereof,Aft 6pm: $3.21 for 1st 4hrs; $0.30 for sub. 10 mins block or part thereof.,From 6am: $3.21 for 1st 4hrs; $0.30 for sub. 10 mins block or part thereof,From 6am: $3.21 for 1st 4hrs; $0.30 for sub. 10 mins block or part thereof
213,Marina Bay Financial Centre Tower 2,6am-6pm: $1.18/10 mins block or part thereof,Aft 6pm: $3.21 for 1st 4hrs; $0.30 for sub. 10 mins block or part thereof.,From 6am: $3.21 for 1st 4hrs; $0.30 for sub. 10 mins block or part thereof,From 6am: $3.21 for 1st 4hrs; $0.30 for sub. 10 mins block or part thereof
214,Marina Bay Financial Centre Tower 3,6am-6pm: $1.18/10 mins block or part thereof,Aft 6pm: $3.21 for 1st 4hrs; $0.30 for sub. 10 mins block or part thereof.,From 6am: $3.21 for 1st 4hrs; $0.30 for sub. 10 mins block or part thereof,From 6am: $3.21 for 1st 4hrs; $0.30 for sub. 10 mins block or part thereof
215,Marina Bay Link Mall,6am-6pm: $1.18/10 mins block or part thereof,Aft 6pm: $3.21 for 1st 4hrs; $0.30 for sub. 10 mins block or part thereof.,From 6am: $3.21 for 1st 4hrs; $0.30 for sub. 10 mins block or part thereof,From 6am: $3.21 for 1st 4hrs; $0.30 for sub. 10 mins block or part thereof
216,Marina Bay Sands,"$14 for 1st hr, $1.50 for every sub ½ hr. Max charge: $32 per 24 hours","$14 for 1st hr, $1.50 for every sub ½ hr. Max charge: $32 per 24 hours","$14 for 1st hr, $1.50 for every sub ½ hr. Max charge: $32 per 24 hours","$14 for 1st hr, $1.50 for every sub ½ hr. Max charge: $32 per 24 hours"
217,Marina Mandarin Hotel,Mon-Thu: 7am-5pm: $3.27 for 1st 2hrs; $1.64 per ½ hr for sub. ½ hr (Car Park at Marina Square),Mon-Thu: 5pm-11pm: $2.25 per entry; 11pm-7am: $1.12 per ½ hr,Fri/Sat-Sun/PH: 7am-2am :$2.44 for 1st 2 hrs; $1.22 per hr for sub. 2hrs; $1.43 per ½ hr for sub. ½ hr after 4 hrs of parking. 2am-7am: $1.12 per ½ hr,Fri/Sat-Sun/PH: 7am-2am :$2.44 for 1st 2 hrs; $1.22 per hr for sub. 2hrs; $1.43 per ½ hr for sub. ½ hr after 4 hrs of parking. 2am-7am: $1.12 per ½ hr
218,Marina One,6am-6.59pm: $3.27 per 30mins,7pm-5.59am (next day): $3.27 per entry.,$3.27 per entry per day.,$3.27 per entry per day.
219,Marina Square,Mon-Thu: 7am-5pm: $3.27 for 1st 2hrs; $1.64 per ½ hr for sub. ½ hr,Mon-Thu: 5pm-11pm: $2.25 per entry; 11pm-7am: $1.12 per ½ hr,Fri/Sat-Sun/PH: 7am-2am :$2.44 for 1st 2 hrs; $1.22 per hr for sub. 2hrs; $1.43 per ½ hr for sub. ½ hr after 4 hrs of parking. 2am-7am: $1.12 per ½ hr,Fri/Sat-Sun/PH: 7am-2am :$2.44 for 1st 2 hrs; $1.22 per hr for sub. 2hrs; $1.43 per ½ hr for sub. ½ hr after 4 hrs of parking. 2am-7am: $1.12 per ½ hr
220,Millenia Singapore (Basement Car Park),7am-6pm: $3.40 for 1st hr; $1.20 per sub.½ hr,6pm to 7am: $2.30 per entry,7am to 7am next day: $2.30 for 1st 2hrs; $1.20 per sub.1hr,7am to 7am next day: $2.30 for 1st 2hrs; $1.20 per sub.1hr
221,Millenia Walk (Basement Car Park),7am-6pm: $3.40 for 1st hr; $1.20 per sub.½ hr,6pm to 7am: $2.30 per entry,7am to 7am next day: $2.30 for 1st 2hrs; $1.20 per sub.1hr,7am to 7am next day: $2.30 for 1st 2hrs; $1.20 per sub.1hr
222,Millenia Walk (Surface parking @ L1),7am-6pm: $6.70 for 1st ½ hr; $2.30 every sub. 1hr,6pm-7am: $6.70 for 1st 2hrs; $2.30 every sub.1hr,7am-7am (next day): $6.70 for 1st 2hrs; $2.30 every sub. ½ hr,7am-7am (next day): $6.70 for 1st 2hrs; $2.30 every sub. ½ hr
223,National Gallery,7am-6pm: $1.40 per ½ hr.,6pm-1am: $3.30 per entry,7am-6pm: $1.40 per ½ hr.,7am-6pm: $1.40 per ½ hr.
224,Neil Road Off-Street,7am-5pm: $1.20/30 mins,5pm-7am the following day: $0.60/30 Mins. Charges capped at $5.60 for parking from 10.30pm-7am the next day,7am-5pm: $1.20/30 mins,7am-7am the next day: $0.60/30 mins. Charges capped at $5.60 for parking from 10.30pm-7am the next day
225,North Bridge Centre,8am-4.59pm: $1.50/30min,5pm-11pm: $4 per entry,8am-4.59pm: $1.50/30min,8am-11pm: $4 per entry
226,Novotel Clarke Quay,7am-5pm: $1.07 per hr,5pm-7am: $3.21 per entry,7am-1pm: $1.07 per hr; 1pm-7am next day: $3.21 per entry,7am-1pm: $1.07 per hr; 1pm-7am next day: $3.21 per entry
227,NTUC Income Centre,6.30am-5pm: $1.10 for every ½ hr or part thereof,5pm-11pm: $3.00 per entry. After 11pm - closed,6.30am-5pm: $1.10 for every ½ hr or part thereof,$3.00 per 4 hr block.
228,OCBC Centre,6am-6pm: $2.60 per 30min,6pm-12am: $3.30 per entry; 12am-6am the followng day: $3.30 per hr.,6pm-12am: $3.30 per entry; 12am-6am: $3.30 per hr.,6pm-12am: $3.30 per entry; 12am-6am: $3.30 per hr.
229,One Fullerton,7.01am-6pm: $1.20 per 10min,6.01pm-12am: $6.54 per entry. 12.01am-7am:$7.63 per entry,7.01am-12am: $6.54 per entry; 12.01am-7am-$7.63 per entry,7.01am-12am: $6.54 per entry; 12.01am-7am-$7.63 per entry
230,One George Street,7am-6pm: $2.50 per ½ hr,Aft 6pm: $3.60 per entry,7am-1pm: $2.50 per ½ hr; 1pm-7am: $3.60 per entry.,$3.60 per entry
231,One Raffles Place,7am-5pm : $3.27 per ½ hr,5pm-6.59am next day: $3.82 per entry,7am-6.59am next day: $3.82 per entry,7am-6.59am next day: $3.82 per entry
232,One Raffles Quay,6am-6pm: $1.18/10min,6pm-6am next day: $3.21 for 1st 4hrs; $0.30 for sub. 10mins,6am-6am next day: $3.21 for 1st 4hrs; $0.30 for sub. 10mins,6am-6am next day: $3.21 for 1st 4hrs; $0.30 for sub. 10mins
233,One Shenton,7am-6.59pm: $4.86 for 1st hr; $0.09 for sub. mins.,7pm-6.59am the following day: $3.24 per entry.,7am-6.59am the following day: $3.24 per entry.,7am-6.59am the following day: $3.24 per entry.
234,OUE Bayfront,7am-5.59pm: $1.07 per 10min block,6pm-7am next day: $3.75 per entry,7am-3pm: $1.07/10min block. 3pm-11.59am next day: $3.75 per entry,$3.75 per entry
235,OUE Downtown 1,7am-4.59pm: $2.70 per 30 mins,5pm-6.59am the following day: $2.70 per entry,7am-6.59am the following day: $2.70 per entry,7am-6.59am the following day: $2.70 per entry
236,OUE Downtown 2,7am-4.59pm: $2.70 per 30 mins,5pm-6.59am the following day: $2.70 per entry,7am-6.59am the following day: $2.70 per entry,7am-6.59am the following day: $2.70 per entry
237,Pan Pacific Hotel,Mon-Thu: 7am-5pm: $3.27 for 1st 2hrs; $1.64 per ½ hr for sub. ½ hr (Car Park at Marina Square),Mon-Thu: 5pm-11pm: $2.25 per entry; 11pm-7am: $1.12 per ½ hr,Fri/Sat-Sun/PH: 7am-2am :$2.44 for 1st 2 hrs; $1.22 per hr for sub. 2hrs; $1.43 per ½ hr for sub. ½ hr after 4 hrs of parking. 2am-7am: $1.12 per ½ hr,Fri/Sat-Sun/PH: 7am-2am :$2.44 for 1st 2 hrs; $1.22 per hr for sub. 2hrs; $1.43 per ½ hr for sub. ½ hr after 4 hrs of parking. 2am-7am: $1.12 per ½ hr
238,Parklane Shopping Mall,7am-5pm: $3.20 for 1st hr; $1.60 for sub. 30min.,5.01pm-6.59am the followng day: $3.75/entry.,7am-5pm: $3.20 for 1st hr; $1.60 for sub. 30min.,7am-6.59am the followng day: $3.75 per entry
239,PARKROYAL On Beach Road,7am-5pm: Multi Storey Carpark - $2.50 for 1st hr; $1.50 for sub. ½ hr. Hotel Driveway - $6 for 1st hr; $2 for sub. ½ hr.,Aft 5pm: Multi Storey Carpark - $2.50 per entry. Hotel Driveway - $6 per entry.,Charges same as weekdays but $2.50 per entry (Multi-Storey Carpark) & $6 per entry (Hotel Driveway) after 1pm.,Multi-Storey Carpark - $2.50 per entry. Hotel Driveway - $6 per entry.
240,PARKROYAL On Pickering,8am-5pm: $5 for 1st hr; $2.50 for sub. ½ hr.,5pm-8am the following day: $5 for 1st hr; $2.50 for sub. ½ hr.,8am-5pm: $5 for 1st hr; $2.50 for sub. ½ hr.,8am-5pm: $5 for 1st hr; $2.50 for sub. ½ hr.
241,Peninsula Excelsior Hotel,6am-5.59pm: $3.50 for 1st hr; $2 for sub 30min,6pm-5.59am next day: $6 per entry,6am-5.59pm: $4 for 1st hr; $2.50 for sub 30min. 6pm-5.59am next day: $6 per entry,6am-5.59pm: $3.50 for 1st hr; $2 for sub 30min
242,People's Park Centre,7am-7pm: $3.42 per hr,7pm-7am next day: $5 per entry,7am-7pm: $3.42 per hr,7am-7pm: $3.42 per hr
243,People's Park Complex Carpark,$3.38 for 1st hr; $0.84 for sub. 15min.,6pm-12am: $5.07 per entry,$3.38 for 1st hr; $0.84 for sub. 15min.,$3.38 for 1st hr; $0.84 for sub. 15min.
244,Raffles City Shopping Centre,8am-5.59pm: $2.60 for 1st hr; $0.65 for sub. 15mins,6pm-7.59am next day: $3.25 per entry,8am-7.59am (the next day): $2.60 for 1st 2 hr; $0.65 for sub. 15mins,8am-7.59am (the next day): $2.60 for 1st 2 hr; $0.65 for sub. 15mins
245,Raffles Hotel,6am-10.59pm: $4 for 1st hr; $1.50 for sub. 30mins,11pm-5.59am: $4 per entry,6am-10.59pm: $4 for 1st hr; $1.50 for sub. 30mins,6am-10.59pm: $4 for 1st hr; $1.50 for sub. 30mins
246,Rendezvous Hotel,7am-7am the following day: $3.70 for 1st hr; $1.90 for sub.½ hr,7am-7am the following day: $3.70 for 1st hr; $1.90 for sub.½ hr,7am-7am the following day: $3.70 for 1st hr; $1.90 for sub.½ hr,7am-7am the following day: $3.70 for 1st hr; $1.90 for sub.½ hr
247,Republic Plaza,7am-5pm: $3.33 per ½ hr or part thereof.,Aft 5pm: $3.63 per entry,7am-7am next day: $3.63 per entry,Same s Saturday
248,Resorts World Sentosa (RWS),Mon-Thurs(excludes PH):12am-11:59pm: $6 for 1st hr; $1.10 for ½ hr or part thereof. Fri/Sat/Sun/PH: 12am-11.59pm: $9.70 for 1st hr; $1.10 for ½ hr or part thereof.,-,-,-
249,Riverside Point,6am-5.59pm: $2.51 for 1st hr; $0.63 for sub. 15min.,6pm-12am: $3.82 per entry.,6am-5.59pm: $2.51 for 1st hr; $0.63 for sub. 15min.,6am-5.59pm: $2.51 for 1st hr; $0.63 for sub. 15min.
250,Robertson Walk,6am-6pm: $1.65 for 1st hr entry; $0.6 for sub. 30min or part thereof.,6pm-6am next day: $4.35 per entry,6am-6pm: $1.65 for 1st hr entry; $0.6 for sub. 30min or part thereof.,6am-6pm: $1.65 for 1st hr entry; $0.6 for sub. 30min or part thereof.
251,Robinson 77,7am-5pm: $2.50 per 30min,5pm-11pm: $3 per entry,7am-2pm: $2.50 per 30min; 2pm-11pm: $3 per entry,7am-7am next day: $3 per entry
252,"School of the Arts, Singapore (SOTA)",6am-5.59pm: $0.04 per min.,6pm-2am next day: $5 per entry. 2.01am-5.59am: $5 additional fee for overnight parking,6am-5.59pm: $0.04 per min.,6am-5.59pm: $0.04 per min.
253,SGX Centre,7am-5pm: $2.73 per 30 min,5pm-10pm: $3.27 per entry (Car Park closes at 10pm daily),7am-10pm: $3.27 per entry,7am-10pm: $3.27 per entry
254,Shenton House,8am-5pm: $3.21 per ½ hr,5pm-8am: $3.21 per entry,8am-2pm: $3.21 per ½ hr; 2pm-8am the following day: $3 per entry.,8am-8am next day: $3.21 per entry
255,Sim Lim Square,8am-8am the following day: $1.80 per 30min for 1st hr; $0.06 per min.,8am-8am the following day: $1.80 per 30min for 1st hr; $0.06 per min.,8am-8am the following day: $1.80 per 30min for 1st hr; $0.06 per min.,8am-8am the following day: $1.80 per 30min for 1st hr; $0.06 per min.
256,Sim Lim Tower,8.30am-6pm: $1.60 per 30 min,6pm-8.30am the following day: $1.60 per 30 min,8.30am-6pm: $1.60 per 30 min,8.30am-6pm: $1.60 per 30 min
257,Singapore Chinese Cultural Centre,7am-5pm: $2.25 per 30 mins block,Aft 5pm: $3.50 per entry,$3.50 per entry,Same s Saturday
258,Singapore General Hospital (Carpark G),7am-5.59pm: No Entry (Staff Parking Only),"5.30pm-9.59pm: $0.036 per min, $2.18 per hr. 10pm-6.59am: $2.16 per entry.","7am-9.59pm: $0.036 per min, $2.18 per hr. 10pm-6.59am: $2.16 per entry.","7am-9.59pm: $0.018 per min, $1.09 per hr. 10pm-6.59am: $2.16 per entry."
259,Singapore General Hospital (Multi-Storey Carpark H),"7am-9.59pm: $0.019 per min, $1.14 per hr",10pm-6.59am: $2.16 per entry,"7am-9.59pm: $0.019 per min, $1.14 per hr",$2.16 per entry
260,Singapore General Hospital (National Heart Centre Singapore),"7am-9.59pm: $0.037 per min, $2.22 per hr",10pm-6.59am: $2.16 per entry,"7am-9.59pm: $0.037 per min, $2.22 per hr","7am-9.59pm: $0.019 per min, $1.14 per hr; 10pm-6.59am: $2.16 per entry"
261,Singapore Land Tower,7am-6pm: $3.02/30mins,6.01pm-6.59am the following day: $5.40/per entry,7am-6pm: $3.02/30mins,6.01pm-6.59am the following day: $5.40/per entry
262,Six Battery Road,7am-5.59pm: $3.15 per 30min,6pm-6.59am the following day: $3.75 per entry,7am-12.59pm: $3.15 per 30min; 1pm-7am the following day: $3.75 per entry,7am-7am the following day: $3.70 per entry
263,South Bridge Tower,7am-5pm: $2.40 per hr or part thereof.,5pm-11.59pm: $3.50 per entry. 12mn-6.59am: $3.50 per entry.,$5.00 per entry.,$5.00 per entry.
264,Stamford Court,"8am-6pm: $2.64 for 1st hr, $2.04 for sub. ½ hr",6pm-8am: $2.52 per entry.,"8am-6pm: $2.64 for 1st hr, $2.04 for sub. ½ hr","8am-6pm: $1.32 per hr, $2.52 per entry."
265,Sunshine Plaza,(Mon to Thurs) 7am-9.59pm: $2.16 for 1st hr; $0.04 for next sub. min.,(Mon to Thurs) 10pm-6.59am the following day: $5.40 per entry,(Fri to Sat) 7am-9.59pm: $2.38 for 1st hr; $0.04 for next sub. min. 10pm-6.59am the following day: $5.40 per entry,7am-9.59pm: $2.38 for 1st hr; $0.04 for next sub. min. 10pm-6.59am the following day: $5.40 per entry
266,Suntec City,7am-5pm: $2.60 for 1st hr; $1.30 per 30 mins or part thereof,5pm-4am next day:$3 per entry; 4am-7am: $2.60 for 1st hr; $1.30 per 30 mins or part thereof,7am-4am: $2.60 for 1st hr; $1.30 for the next 3 hrs; $1.30 after the 4th hr (per 30 mins or part thereof); 4am-7am: $2.60 for 1st hr; $1.30 per 30 mins or part thereof,7am-4am: $2.60 for 1st hr; $1.30 for the next 3 hrs; $1.30 after the 4th hr (per 30 mins or part thereof); 4am-7am: $2.60 for 1st hr; $1.30 per 30 mins or part thereof
267,Swissotel Merchant Court Hotel,8am-5pm: $4.50 for 1st hr;$1.50 for next sub 30min,5pm-8am the following day: $4.50 for 1st hr;$1.50 for next sub 30min,8am-5pm: $4.50 for 1st hr;$1.50 for next sub 30min,8am-5pm: $4.50 for 1st hr;$1.50 for next sub 30min
268,Swissotel Stamford Hotel,8am-6pm: $2.20 for 1st hr; $0.55 for sub. 15mins,Aft 6pm-8am next day: $3 per entry,"8am-8am next day: $2.20 for 1st 2hrs, $0.40 for sub. 15mins","8am-8am next day: $2.20 for 1st 2hrs, $0.40 for sub. 15mins"
269,The Adelphi,6am-5pm: $2.44 per hr; $1.22 per sub. ½ hr,Aft 5pm: $3.27 per entry.,6am-5pm: $2.44 per hr; $1.22 per sub. ½ hr,$3.27 per entry
270,The Concourse,7am-5pm: $3.21 for 1st hr; $1.605 for sub. ½ hr.,Aft 5pm: $4.28 per entry,7am-12pm: $3.20 for 1st hr; $1.50 for sub. ½ hr. 12pm-7am: $4.28 per entry.,$4 per entry after 5pm
271,The Corporate Office,7.01am-5pm: $4 per hr,Aft 5pm to 7.01am: $2.50 per entry,7.01am-5pm: $4 per hr,Closed
272,The Esplanade,$2.30 per hour or part thereof.,$2.30 per hour or part thereof.,$2.30 per hour or part thereof.,$2.30 per hour or part thereof.
273,The Gateway,7am-6pm: $2.70 for 1st hr; $1.42 for sub. 30 min.,After 6pm: $3.02 per entry.,7am-1pm: $2.70 for 1st hr; $1.42 for sub. 30 min. 1pm-7am the following day: $3.02 per entry.,$3.02 per entry.
274,The Ritz-Carlton Millenia Singapore,7am-6pm: $3.40 for 1st hr; $1.20 for sub.½ hr,6pm-7am next day: $2.30 per entry,7am-7am (next day): $2.30 for 1st 2hrs; $1.20 per sub. 1hr,7am-7am (next day): $2.30 for 1st 2hrs; $1.20 per sub. 1hr
275,The Sail@Marina Bay,6am-6pm: $4/hr,6pm-5.59am: $1.50/hr,6am-5.59pm: $4/hr; 1pm onwards: $1.50/hr,$1.50/hr
276,UE Square,8am-5pm: $2.18 for 1st hr; $1.09 for sub. hr,5pm-8am next day: $3.27 per entry,8am-1pm: $2.18 for 1st hr; $1.09 for sub. hr; 1pm-8am: $3.27 per entry,$3.27 per entry
277,UOB Plaza,7am-6pm: $3/30mins,6pm-12am: $4 per entry. Aft 12am-7am next day: $4 per entry,7am-12am: $4 per entry. 12am-7am: $4 per entry,7am-12am: $4 per entry. 12am-7am: $4 per entry
278,UP@Robertson Quay,6am-6pm: $1.50 for 1st hr; $0.50 for sub. ½ hr,6pm-6am: $4 per entry,6am-6pm: $1.50 for 1st hr; $0.50 for sub. ½ hr,6am-6pm: $1.50 for 1st hr; $0.50 for sub. ½ hr
279,Vivocity,7am-6pm: $1.60 for 1st hr; $0.80 for sub. 30 mins or part thereof.,6pm-4am: $3.20 per entry; 4am-7am: $2.50 per hr,7am-6pm: $2 for 1st hr; $1 for sub. 30mins or part thereof; 6pm-4am: $3.80 per entry; 4am-7am: $2.50 per hr,7am-6pm: $2 for 1st hr; $1 for sub. 30mins or part thereof; 6pm-4am: $3.80 per entry; 4am-7am: $2.50 per hr
280,100 Pasir Panjang,7am-7pm: $1.80 for 1st hr or part thereof; $0.80 for sub. 1/2 hr or part thereof,7pm-7am (next day): $3.50/entry,7am-7pm: $1.80 for 1st hr or part thereof; $0.80 for sub. 1/2 hr or part thereof,7am-7am (next day): $3.50/entry
281,27 West Coast Highway,6am-6am next day: $1.20 for 1st hr; sub. $0.60/30 mins; 6pm-2am next day: $2 per entry; 2am-6am: $20 per entry,-,-,-
282,34 Boon Leat Terrace,7am-5.59pm: $2.20 for 1st hr; $1.10 for sub. 30min,6am-7am (next day): $2.50/entry.,"7am-1pm: $1.60 for 1st hr, $0.80 for sub. 30min; 1pm-7am(next day): $2.50 per entry",7am-6.59am: $2.50/entry
283,Alexandra Retail Centre,7am-6.30pm: $2.30/hr or part thereof,6.30pm-11pm: Free; 11pm-7am: $2.50/hr or part thereof,7am-11pm: Free 11pm-7am: $2.50/hr or part thereof,7am-11pm: Free 11pm-7am: $2.50/hr or part thereof
284,Anchorpoint Shopping Centre,8am-5.59pm: $2/hr or part thereof,6pm-6.59am: $3 per entry,8am-5.59pm: $2/hr or part thereof,8am-5.59pm: $2/hr or part thereof
285,Ayer Rajah Industrial Estate,7am-6pm: $1 per ½ hr or part thereof (per min. charging),After 6pm: $1 per entry,7am-7am: $1 per entry,7am-7am: $1 per entry
286,Bijou,7am-6pm: $1.28 for 1st hr; $0.32 for sub. 15min,6.01pm-6.59am next day: $2.14 per entry,7am-6pm: $1.28 for 1st hr; $0.32 for sub. 15min,7am-6.59am next day: $2.14 per entry
287,Biopolis,7am-5pm next day: $1.20/hr or part thereof,5pm-7am next day: Free parking,7am-5pm next day: $1.20/hr or part thereof,7am-5pm next day: $1.20/hr or part thereof
288,Bukit Panjang Plaza,12am-5.59pm: $1.40 for 1st hr; $0.45 for sub. 15 mins or part thereof,6pm-11.59pm: $2.75 per entry,12am-5.59pm: $2.75 for 1st 2 hrs; $0.45 for sub. 15 mins or part thereof; 6pm-11.59pm: $2.75 per entry,12am-5.59pm: $2.75 for 1st 2 hrs; $0.45 for sub. 15 mins or part thereof; 6pm-11.59pm: $2.75 per entry
289,Bukit Timah Plaza (Multi-Storey Car Park),7.30am-5pm: $1.65 per hr,5.01pm-7.29am: $2.85 per entry,7.30am-5pm: $1.80 per hr; 5.01pm-7.29am: $2.85 per entry,7.30am-5pm: $2.85 for first (3) hours or part thereof; $1.65 for each subsequent 1 hour or part thereof; 5.01pm-7.29am: $2.85 per entry
290,Bukit Timah Shopping Centre,7am-5pm: $1.93 per hr,5.01pm-7am: $3.64 per entry,7am-5pm: $1.93 per hr,7am-5pm: $1.93 per hr
291,Coronation Shopping Plaza,Daily(7am-7am): $2.30 per hr,-,-,-
292,Devan Nair Institute for Employment and Employability,6am-12 midnight: $0.36 per 15mins. No parking after 12 midnight.,-,6am-12 midnight: $0.36 per 15mins. No parking after 12 midnight.,6am-12 midnight: $0.36 per 15mins. No parking after 12 midnight.
293,Fusionopolis 1 & 2,7am-6pm: $1 for ½ hour or part thereof (per min. charging),After 6pm: $1 per entry,$1 per entry,$1 per entry
294,Genting Hotel Jurong,Mon-Thurs : $3 per hour or part thereof.,Mon-Thurs : $3 per hour or part thereof.,Fri/ Sat/ Sun/ PH: $4 per hr.,Fri/ Sat/ Sun/ PH: $4 per hr
295,Gillman Barracks,"8.30am-5pm: $0.60/30min for 1st 2hr, $3.00/hr from the 3rd hr",5pm-8.30am: Free parking,Free Parking,Free Parking
296,hillV2,Daily: $1.53 for 1st hr; $0.92 for every sub. 30min,-,-,-
297,Holland Road Shopping Centre,Mon-Thurs: 12am-9pm: $2.40 per 30min or part thereof,Mon-Thurs: 9pm-12am: $5 per entry,Friday/Saturday & eve of PH: 12am-9pm: $2.40 per 30min or part thereof; 9pm-12am: $6 per entry.,Friday/Saturday & eve of PH: 12am-9pm: $2.40 per 30min or part thereof; 9pm-12am: $6 per entry.
298,IKEA (Alexandra),Daily: $0.06 per minute,-,-,-
299,IMM Building,"First hour - Free (first entry only, excluding public holidays) Second hour of first entry or first hour of subsequent same-day entry - $1.20 sub. 15 minutes - $0.40",,First 1 hour - $1.20 (first entry only) sub. 15 minutes - $0.40,First 1 hour - $1.20 (first entry only) sub. 15 minutes - $0.40
300,Junction 10,$1.31 for 1st hr; $0.38 for every sub. 15min,-,$2.38 for 1st hr; $0.38 for every sub. 15min,$2.38 for 1st hr; $0.38 for every sub. 15min
301,Jurong Point Shopping Centre,7am-5pm: $1.50 for 1st 2hr; $1.30 for sub. hr,5pm-9pm: $2.60 for 1st 2hr; $1.30 for sub. hr; Aft 9pm: $1.50 for 1st 2hr; $1.30 for sub. hr,7am-9pm: First 2 hours at $2.60; sub. hour or part thereof $1.30; 9pm-7am: First 2 hours at $1.50; sub. hour or part thereof $1.30,7am-9pm: First 2 hours at $2.60; sub. hour or part thereof $1.30; 9pm-7am: First 2 hours at $1.50; sub. hour or part thereof $1.30
302,Link@896 (Formerly Sime Darby Centre),Daily: $1.09 per half hour; $2.18 per hour,-,-,-
303,Lot One,12am-5.59pm: $1.35 for 1st hr; $0.45 for sub. 15min,6pm-11.59pm: $2.65 per entry;,3am-5.59pm: $2.65 for 1st 2-hrs; $0.45 for sub. 15 min; 6pm-11.59pm: $2.65 per entry; 12.00am-2.59am: Sub. 15min or part thereof at $0.45,3am-5.59pm: $2.65 for 1st 2-hrs; $0.45 for sub. 15 min; 6pm-11.59pm: $2.65 per entry; 12.00am-2.59am: Sub. 15min or part thereof at $0.45
304,Mediapolis,Mon-Thurs: 7am-7pm: $0.60/30min,Mon-Thurs: 7pm-apm: $0.60/30min,Fri/Sat/Sun/PH: 10pm-6pm: $0.60/30min; 6pm-10pm: $4.00/entry,Fri/Sat/Sun/PH: 10pm-6pm: $0.60/30min; 6pm-10pm: $4.00/entry
305,NUH,Daily: $0.036/min,-,-,-
306,One Holland Village,$2.18 for 1st hr; $0.55 for sub. 15min.,6pm-7am: $3.27 per entry.,$2.29 for 1st hr; $0.57 for sub. 15min. 6pm-7am: $3.43 per entry.,$2.29 for 1st hr; $0.57 for sub. 15min. 6pm-7am: $3.43 per entry.
307,One Holland Village,12am-6pm: $2.18 for the first 1 hour; $0.55 for sub. 15min,Per Entry: $3.27 (6pm to midnight),12am-6pm: $2.29 for the first 1 hour; $0.57 for sub.. 15min; 6pm-7am: #3.43 per entry,12am-6pm: $2.29 for the first 1 hour; $0.57 for sub.. 15min; 6pm-7am: #3.43 per entry
308,Parksuites,$1.52 for 1st hr; $0.38 for sub. 15min.,6pm-12am: $2.29 per entry.,$1.75 for 1st hr; $0.44 for sub. 15min. 6pm-12am: $2.62 per entry.,$1.75 for 1st hr; $0.44 for sub. 15min. 6pm-12am: $2.62 per entry.
309,Perennial Business City (formerly known as Big Box),12.01am-5pm: $1.20 for 1st hr; $0.60 per 30 mins,5.01pm-12am: $2.50 per entry,12.01am-5pm: $1.20 for 1st hr; $0.60 per 30 mins,12.01am-5pm: $1.20 for 1st hr; $0.60 per 30 mins
310,Queensway Shopping Centre,8am-5.59pm: $1.92 for 1st hr; $1.71 for sub..30min,Aft 6pm: $3.53 per entry,8am-5.59pm: $1.92 for 1st hr; $1.71 for sub..30min,8am-5.59pm: $1.92 for 1st hr; $1.71 for sub..30min
311,Rochester Mall,Daily: $1.30/hr; $0.65 for next sub. 30min,-,-,-
312,Serene Centre,"7am-7pm: $2.14 for 1st hr, $1.93 for sub. 30min",-,"7am-7pm: $2.14 for 1st hr, $1.93 for sub. 30min","7am-7pm: $2.14 for 1st hr, $1.93 for sub. 30min"
313,The Clementi Mall,Daily: $1.70 for 1st hr or part thereof; $0.85 for sub. ½ hr,-,-,-
314,The Metropolis,12am-6am: $2.68/entry; 6am-6pm: $2.68 for 1st hr; sub. $1.34 per 30min,6pm-12am: $2.68/entry,6am-6pm: $1.07/hr or part thereof; 6pm-12am: $2.68 per entry; 12am-6am: $2.68 per entry,6am-6pm: $1.07/hr or part thereof; 6pm-12am: $2.68 per entry; 12am-6am: $2.68 per entry
315,The Star Vista,12.00am-11.59pm: $1.80 for 1st hr; $0.90 for sub. 30min or part thereof,-,12.00am-11.59pm: $1.80 for 1st hr; $0.90 for sub. 30min or part thereof,12.00am-11.59pm: $2.30 for 1st hr; $1.15 for sub. 30min or part thereof; Cap of $10 for full day car parking on Sundays and Public Holidays
316,Tiong Bahru Plaza,6am-6pm: For 1st hr or part thereof $1.40; $1.00 sub. 30min or part thereof,6pm-6am: Per entry $3.30,6am-6pm: For 1st hr or part thereof $1.40; $1.00 sub. 30min or part thereof,6am-6pm: For 1st hr or part thereof $1.40; $1.00 sub. 30min or part thereof
317,Valley Point,Daily: $1.57 for 1st hr; $0.82 for sub. ½ hr,-,-,-
318,West Coast Plaza,12am-6pm: $1.53 for 1st hr; $0.38 for sub. 15min,6pm-12am: $2.29 per entry,12am-6pm: $1.64 for 1st hr; $0.41 for sub. 15min; 6pm-12am: $2.45 per entry,12am-6pm: $1.64 for 1st hr; $0.41 for sub. 15min; 6pm-12am: $2.45 per entry
319,West Mall,6am-4.59pm: $2.20 for 1st 2hrs or part thereof; $0.70 for sub. ½ hr or part thereof,5pm-6am: $2.95 per entry,6am-4.59pm: $1.40 for 1st hr or part thereof; $0.70 for sub. ½ hr or part thereof; 5pm-6am: $2.95 per entry,6am-6am next day: $2.95 per entry
320,Westgate,12am-6pm: $1.60 for 1st hr; $0.55 for sub. 15min,6pm-11.59pm: $3.25 per entry,12am-6pm: $1.60 for 1st hr; $0.55 for sub. 15min,12am-6pm: $1.60 for 1st hr; $0.55 for sub. 15min
321,Woods Square,Daily: 12am-11.59pm: $1.31 for 1st hr; $0.65 for sub. 30min,-,-,-
322,Amara Hotel,8am-4.59pm: $2 per 30 mins,5pm-7.59am (next day) : $3 per entry,8am-4.59pm: $2 per 30 mins,8am-7.59m: $3 per entry
323,Berjaya Hotel,8.30am-5pm: $1 per ½ hr,5pm-10pm: $1 per hr; Aft 10pm: Free,8.30am-5pm: $1 per ½ hr,8.30am-10pm: $1 per hr; 10pm-8.30pm: Free
324,Carlton Hotel,7am-6pm: $3.50 for 1st hr; $1.50 for for sub. ½ hr,Aft 6pm: $6.50 per entry,7am-6pm: $3.50 for 1st hr; $1.50 for for sub. ½ hr,7am-6pm: $3.50 for 1st hr; $1.50 for for sub. ½ hr
325,Changi Village Hotel,6am-5pm: $4 for 1st hr; $3 for sub. hr.,Mon-Thur: 6pm-5am the following day: $6.50 per entry. Fri: 5pm-12am: $4 for 1st hr; $3 for sub. hr. 12am-5am the following day: $6.50 per entry.,"6am-6am the following day: $4 for 1st hr, $3 for next sub hr","6am-6am the following day: $4 for 1st hr, $3 for next sub hr"
326,Concorde Hotel,7am-6pm: $2.14 for 1st hr; $1.39 for sub.30 mins,Aft 6pm: $3.75 per entry,7am-6pm: $2.14 for 1st hr; $1.39 for sub.30 mins,$3.75 per entry
327,Conrad Centennial Hotel,7am-6pm: $3.40 for 1st hr; $1.20 per sub.½ hr (Millenia Singapore - Basement Carpark),6pm-7am: $2.30 per entry,7am-7am: $2.30 for 1st 2hrs; $1.20 per sub. 1hr,7am-7am: $2.30 for 1st 2hrs; $1.20 per sub. 1hr
328,Copthorne King's Hotel,7am-12am: $4 for 1st hr; $1.50 for sub ½ hr,Aft 12am: $4 for 1st hr; $2 for sub ½ hr,7am-12am: $4 for 1st hr; $1.50 for sub ½ hr,7am-12am: $4 for 1st hr; $1.50 for sub ½ hr
329,Elizabeth Hotel,7am-6pm: $4 for 1st hr; $2 for sub. 30min,Aft 6pm: $5 per entry,7am-6pm: $4 for 1st hr; $2 for sub. 30min,$5 per entry
330,Four Seasons Hotel,6am-6pm: $6 for 1st hr; $3 for sub. 30min,Aft 6pm: $6 per entry,6am-6pm: $6 for 1st hr; $3 for sub. 30min,6am-6pm: $6 for 1st hr; $3 for sub. 30min
331,Fullerton Hotel,7.01am-6pm: $1.20 per 10 mins,6.01pm-12am: $6.54 per entry. 12.01am-7am-$7.63 per entry,7.01am-12am: $6.54 per entry; 12.01am-7am-$7.63 per entry,7.01am-12am: $6.54 per entry; 12.01am-7am-$7.63 per entry
332,Furama City Centre Singapore,5.59am-6pm: $1.70 per ½ hr,Aft 6pm: $3.21 per entry,5.59am-6pm: $1.70 per ½ hr,5.59am-6pm: $1.70 per ½ hr
333,Furama Riverfront Singapore,7am-5pm: $1.07 per ½ hr,Aft 5pm: $6.42 per entry,7am-5pm: $1.07 per ½ hr,7am-5pm: $1.07 per ½ hr
334,Genting Hotel Jurong,Mon-Thurs : $3 per hour or part thereof.,Mon-Thurs : $3 per hour or part thereof.,Fri/ Sat/ Sun/ PH: $4 per hr.,Fri/ Sat/ Sun/ PH: $4 per hr
335,Goodwood Park Hotel,8am-6.59pm: $5.05 for 1st hr; $2.53 for sub. 30min,6pm-8am: $6.06/entry,8am-6.59pm: $5.05 for 1st hr; $2.53 for sub. 30min,8am-7.59am: $6.06/entry
336,Grand Copthorne Waterfront Hotel,7am-5pm: $3.75 for 1st hr; $2.14 for sub. hr,5pm-7am next day: $4.28 per entry,7am-5pm: $3.75 for 1st hr; $2.14 for sub. hr,7am-7am next day: $4.28 per entry
337,Grand Hyatt Singapore (Hotel currently closed for reno),4am-5.59pm: $4 for 1st hr; $2 for next sub. 30min,6pm-3.59am: $6/entry,4am-5.59pm: $4 for 1st hr; $2 for next sub. 30min,4am-5.59pm: $4 for 1st hr; $2 for next sub. 30min
338,Grand Mercure Roxy Hotel,Daily: $1.60 per hr,-,-,-
339,Grand Park City Hall Hotel,8am-5pm: $3.28 for 1st hr; $1.55 for sub. 30 mins,5pm-8am next day: $5.35 per entry,8am-5pm: $3.28 for 1st hr; $1.55 for sub. 30 mins,8am-5pm: $3.28 for 1st hr; $1.55 for sub. 30 mins
340,Hilton Hotel,"$7.00 for 1st hr, $3.50 for next subsequent 30min from 7am to 6pm",Aft 6pm: $7 per entry,"$7.00 for 1st hr, $3.50 for next subsequent 30min from 7am to 6pm","$7.00 for 1st hr, $3.50 for next subsequent 30min from 7am to 6pm"
341,Holiday Inn Express Singapore,7am-7am: $3.00/30min,-,7am-7am: $3.00/30min,7am-7am: $3.00/30min
342,Holiday Inn Express Singapore Katong,"6.01am-10am: $0.48 for 1st hr, $0.12/15min; 10.01am-6pm: $0.96 for 1st hr; $0.24 for sub. 15min; Free parking from 12pm to 2pm except on PH","6.01pm-10pm: $1.00 for 1st hr, $0.25/15min; 10.01pm-6am: $0.32 for 1st hr, $0.08/15min","6.01am-10am: $0.54 for 1st hr; $0.16/15min; 10.01am-9pm: $1.28 for 1st hr; $0.65/15min. 9.01pm-6am: $0.54 for 1st hr, $0.16/15min","6.01am-10am: $0.54 for 1st hr; $0.16/15min; 10.01am-9pm: $1.28 for 1st hr; $0.65/15min. 9.01pm-6am: $0.54 for 1st hr, $0.16/15min"
343,Holiday Inn Singapore Atrium,All day : S$2.00 per hour,All day : S$2.00 per hour,All day : S$2.00 per hour,All day : S$2.00 per hour
344,Holiday Inn Singapore Orchard City Centre,12am-2.59pm: $4 per hr; 3pm-11.59pm: $1.20/hr. Capped at $13.90/day,3pm-11.59pm: $1.20 per hr. Capped at $13.90/day,12am-2.59pm: $4/hr; 3pm-11.59pm: $1.20/hr. Capped at $4.90/day,12am-2.59pm: $4/hr; 3pm-11.59pm: $1.20/hr. Capped at $4.90/day
345,Hotel Grand Pacific,7am-5pm: $1.50 per ½ hr,Aft 5pm: $4 per entry,7am-5pm: $1.50 per ½ hr,7am to 7am next day: $4 per entry
346,Hotel Indigo Singapore Katong,"6.01am-10am: $0.48 for 1st hr, $0.12/15min; 10.01am-6pm: $0.96 for 1st hr; $0.24 for sub. 15min; Free parking from 12pm to 2pm except on PH","6.01pm-10pm: $1.00 for 1st hr, $0.25/15min; 10.01pm-6am: $0.32 for 1st hr, $0.08/15min","6.01am-10am: $0.54 for 1st hr; $0.16/15min; 10.01am-9pm: $1.28 for 1st hr; $0.65/15min. 9.01pm-6am: $0.54 for 1st hr, $0.16/15min","6.01am-10am: $0.54 for 1st hr; $0.16/15min; 10.01am-9pm: $1.28 for 1st hr; $0.65/15min. 9.01pm-6am: $0.54 for 1st hr, $0.16/15min"
347,Ibis Singapore On Bencoolen Hotel,8am-5pm: $1.50 per 30min.,5pm-8am: $1.50 per 30min.,8am-5pm: $1.50 per 30min.,8am-5pm: $1.50 per 30min.
348,Inter-continental Singapore Hotel,8am-5pm: $1.60 for 1st hr; $0.40 for sub. 10mins,5pm-8am the following day: $2.70 for 1st 2hr; $0.27 for sub. 10mins,8am-8am the following day: $2.70 for 1st 2hr; $0.27 for sub. 10mins,8am-8am the following day: $2.70 for 1st 2hr; $0.27 for sub. 10mins
349,InterContinental Singapore Robertson Quay,"7am-6pm: $3.50 for 1st hr, $2 for next sub hr.",6pm-10pm: $5 per entry. 10pm-7am the following day: $2 for next sub 30 min.,"7am-6pm: $3.50 for 1st hr, $2 for next sub hr.","7am-6pm: $3.50 for 1st hr, $2 for next sub hr."
350,"klapsons, The Boutique Hotel","6.30am-6.30pm: $3 for 1st 3hr, $1.50 for next sub 30min",6.30pm-6.30am the following day - $4.00 flat,After 2pm - $4.00 flat,$4.00 flat
351,Landmark Village Hotel,8am-5pm:$2.35 for 1st hr $1.07 for sub ½ hr.,5pm-8am the following day: $2.68 per entry.,8am-5pm:$2.35 for 1st hr $1.07 for sub ½ hr.,$2.68 per entry.
352,M Hotel,7am-6pm: $2.80 per ½ hr,6pm-7am next day: $5.80 per entry,7am-1pm: $2.80 per ½ hr; after 1pm: $5.80 per entry,7am to 7am next day: $5.80 per entry
353,Mandarin Oriental Hotel,Mon-Thu: 7am-5pm: $3.27 for 1st 2hrs; $1.64 per ½ hr for sub. ½ hr (Car Park at Marina Square),Mon-Thu: 5pm-11pm: $2.25 per entry; 11pm-7am: $1.12 per ½ hr,Fri/Sat-Sun/PH: 7am-2am :$2.44 for 1st 2 hrs; $1.22 per hr for sub. 2hrs; $1.43 per ½ hr for sub. ½ hr after 4 hrs of parking. 2am-7am: $1.12 per ½ hr,Fri/Sat-Sun/PH: 7am-2am :$2.44 for 1st 2 hrs; $1.22 per hr for sub. 2hrs; $1.43 per ½ hr for sub. ½ hr after 4 hrs of parking. 2am-7am: $1.12 per ½ hr
354,Marina Bay Sands,"$14 for 1st hr, $1.50 for every sub ½ hr. Max charge: $32 per 24 hours","$14 for 1st hr, $1.50 for every sub ½ hr. Max charge: $32 per 24 hours","$14 for 1st hr, $1.50 for every sub ½ hr. Max charge: $32 per 24 hours","$14 for 1st hr, $1.50 for every sub ½ hr. Max charge: $32 per 24 hours"
355,Marina Mandarin Hotel,Mon-Thu: 7am-5pm: $3.27 for 1st 2hrs; $1.64 per ½ hr for sub. ½ hr (Car Park at Marina Square),Mon-Thu: 5pm-11pm: $2.25 per entry; 11pm-7am: $1.12 per ½ hr,Fri/Sat-Sun/PH: 7am-2am :$2.44 for 1st 2 hrs; $1.22 per hr for sub. 2hrs; $1.43 per ½ hr for sub. ½ hr after 4 hrs of parking. 2am-7am: $1.12 per ½ hr,Fri/Sat-Sun/PH: 7am-2am :$2.44 for 1st 2 hrs; $1.22 per hr for sub. 2hrs; $1.43 per ½ hr for sub. ½ hr after 4 hrs of parking. 2am-7am: $1.12 per ½ hr
356,Novotel Clarke Quay,7am-5pm: $1.07 per hr,5pm-7am: $3.21 per entry,7am-1pm: $1.07 per hr; 1pm-7am next day: $3.21 per entry,7am-1pm: $1.07 per hr; 1pm-7am next day: $3.21 per entry
357,Oasia Hotel Novena,"6am-6pm: $2.50 for 1st hr, $1.20 for sub 30mins or part thereof.",6pm-6am the following day: $2.50 per entry,"6am-6pm: $2.50 for 1st hr, $1.20 for sub 30mins or part thereof.",6am to 6am the following day :$3.00/entry
358,One Fullerton,7.01am-6pm: $1.20 per 10min,6.01pm-12am: $6.54 per entry. 12.01am-7am:$7.63 per entry,7.01am-12am: $6.54 per entry; 12.01am-7am-$7.63 per entry,7.01am-12am: $6.54 per entry; 12.01am-7am-$7.63 per entry
359,Orchard Grand Court Hotel,7am-5.59pm:$3.00 for 1st hr; $1.50 for next sub. 30min,6pm-6.59am: $4 per entry,7am-5.59pm:$3.00 for 1st hr; $1.50 for next sub. 30min,7am-7am the following day: $4.00/entry
360,Orchard Hotel Singapore,7am-6pm: $3.50 for 1st hr; $1.50 for sub. 30min,Aft 6pm: $5.50 per entry,7am-6pm: $3.50 for 1st hr; $1.50 for sub. 30min,$5.50 per entry
361,Orchard Rendezvous Hotel (Formerly known as Orchard Parade Hotel),7am-6pm: $5 for 1st hr; $1.50 for sub. 30min,6pm to 7am the following day: $5 per entry,7am-6pm: $5 for 1st hr; $1.50 for sub. 30min,7am-6pm: $5 for 1st hr; $1.50 for sub. 30min
362,Pan Pacific Hotel,Mon-Thu: 7am-5pm: $3.27 for 1st 2hrs; $1.64 per ½ hr for sub. ½ hr (Car Park at Marina Square),Mon-Thu: 5pm-11pm: $2.25 per entry; 11pm-7am: $1.12 per ½ hr,Fri/Sat-Sun/PH: 7am-2am :$2.44 for 1st 2 hrs; $1.22 per hr for sub. 2hrs; $1.43 per ½ hr for sub. ½ hr after 4 hrs of parking. 2am-7am: $1.12 per ½ hr,Fri/Sat-Sun/PH: 7am-2am :$2.44 for 1st 2 hrs; $1.22 per hr for sub. 2hrs; $1.43 per ½ hr for sub. ½ hr after 4 hrs of parking. 2am-7am: $1.12 per ½ hr
363,Pan Pacific Orchard,7am-4.59pm: $5.00 for 1st hr; $1.50 for sub. 30min,Aft 5pm: $5.50 per entry,7am-4.59pm: $5.00 for 1st hr; $1.50 for sub. 30min,$5.50 per entry
364,Parkroyal On Beach Road,7am-5pm: Multi Storey Carpark - $2.50 for 1st hr; $1.50 for sub. ½ hr. Hotel Driveway - $6 for 1st hr; $2 for sub. ½ hr.,Aft 5pm: Multi Storey Carpark - $2.50 per entry. Hotel Driveway - $6 per entry.,Charges same as weekdays but $2.50 per entry (Multi-Storey Carpark) & $6 per entry (Hotel Driveway) after 1pm.,Multi-Storey Carpark - $2.50 per entry. Hotel Driveway - $6 per entry.
365,PARKROYAL On Kitchener Road,6am-5.59pm: $2 for 1st hr; $0.80 for sub 30mins and part thereof.,6pm-5.59am: $3 per entry.,6am-5.59pm: $2 for 1st hr; $0.80 for sub 30mins and part thereof.,6am-5.59pm (next day): $3.50 per entry
366,PARKROYAL On Pickering,8am-5pm: $5 for 1st hr; $2.50 for sub. ½ hr.,5pm-8am the following day: $5 for 1st hr; $2.50 for sub. ½ hr.,8am-5pm: $5 for 1st hr; $2.50 for sub. ½ hr.,8am-5pm: $5 for 1st hr; $2.50 for sub. ½ hr.
367,Peninsula Excelsior Hotel,6am-5.59pm: $3.50 for 1st hr; $2 for sub 30min,6pm-5.59am next day: $6 per entry,6am-5.59pm: $4 for 1st hr; $2.50 for sub 30min. 6pm-5.59am next day: $6 per entry,6am-5.59pm: $3.50 for 1st hr; $2 for sub 30min
368,Pullman Singapore Orchard,6am-5.59pm: $2.30 for 1st hr; $1.60/30min,6pm-10.59pm:$2.50 for 1st hr; $1.90/30min; 11pm-5.59am: $5.00/entry,6am-10.59pm:$2.50 for 1st hr; $1.90/30min; 11pm-5.59am: $5.00 per entry.,6am-10.59pm:$2.50 for 1st hr; $1.90/30min; 11pm-5.59am: $5.00 per entry.
369,Raffles Hotel,6am-10.59pm: $4 for 1st hr; $1.50 for sub. 30mins,11pm-5.59am: $4 per entry,6am-10.59pm: $4 for 1st hr; $1.50 for sub. 30mins,6am-10.59pm: $4 for 1st hr; $1.50 for sub. 30mins
370,Ramada by Wyndham Singapore,6am-6pm: $1.80 per hr (Zhongshan Mall),Aft 6pm: $2.20 per entry,6am-6pm: $1.80 per hr (Zhongshan Mall),6am-6pm: $1.80 per hr (Zhongshan Mall)
371,Regent Hotel,Basement Parking: 7am-6pm: $5 for 1st hr; $2.50 for sub. 30min. Cuscaden Parking: 7am-6pm: $7 for 1st hr; $3.50 for sub. 30min,Basement Parking: 6pm to 6.59am: $6/entry. Cuscaden Parking: 6pm to 6.59am:$7 for 1st hr; $3.50 for sub. 30min,Basement Parking: 7am-6pm: $5 for 1st hr; $2.50 for sub. 30min. Cuscaden Parking: 7am-6pm: $7 for 1st hr; $3.50 for sub. 30min,Basement Parking: 7am-6pm: $5 for 1st hr; $2.50 for sub. 30min. Cuscaden Parking: 7am-6pm: $7 for 1st hr; $3.50 for sub. 30min
372,Rendezvous Hotel,7am-7am the following day: $3.70 for 1st hr; $1.90 for sub.½ hr,7am-7am the following day: $3.70 for 1st hr; $1.90 for sub.½ hr,7am-7am the following day: $3.70 for 1st hr; $1.90 for sub.½ hr,7am-7am the following day: $3.70 for 1st hr; $1.90 for sub.½ hr
373,Royal Plaza On Scotts,8am-6pm: $4.80 for 1st hr; $1.80 for sub. 30min,Aft 6pm: $5.80/entry,8am-6pm: $4.80 for 1st hr; $1.80 for sub. 30min,$5.80/entry
374,Shangri-la Hotel,7am-5pm: $6 for 1st hr; $2 for sub. 30min,Aft 5pm: $8 per entry,7am-5pm: $6 for 1st hr; $2 for sub. 30min,7am-5pm: $6 for 1st hr; $2 for sub. 30min
375,Sheraton Towers Hotel,7am-6pm: $4.00 for 1st hr; $2.00 for next sub. 30min,Aft 6pm: $6 per entry,7am-6pm: $4.00 for 1st hr; $2.00 for next sub. 30min,$6 per entry
376,Singapore Marriott Tang Plaza Hotel,6am-6pm: $3.00 for 1st hr; $0.05/min,Aft 6pm: $6 per entry,6am-6pm: $3.00 for 1st hr; $0.05/min,6am-6pm: $3.00 for 1st hr; $0.05/min
377,Swissotel Merchant Court Hotel,8am-5pm: $4.50 for 1st hr;$1.50 for next sub 30min,5pm-8am the following day: $4.50 for 1st hr; $1.50 for next sub 30min,8am-5pm: $4.50 for 1st hr;$1.50 for next sub 30min,8am-5pm: $4.50 for 1st hr;$1.50 for next sub 30min
378,Swissotel The Stamford Hotel,8am-6pm: $2.20 for 1st hr; $0.55 for sub. 15mins,Aft 6pm-8am next day: $3 per entry,"8am-8am next day: $2.20 for 1st 2hrs, $0.40 for sub. 15mins","8am-8am next day: $2.20 for 1st 2hrs, $0.40 for sub. 15mins"
379,The Ritz-Carlton Millenia Singapore,7am-6pm: $3.40 for 1st hr; $1.20 for sub.½ hr,6pm-7am next day: $2.30 per entry,7am-7am (next day): $2.30 for 1st 2hrs; $1.20 per sub. 1hr,7am-7am (next day): $2.30 for 1st 2hrs; $1.20 per sub. 1hr
380,Village Hotel Katong (Ex Paramount Hotel),Daily: $1.08 per hr,-,-,-
381,York Hotel,8.01am-6pm: $3 for 1st hr; $1.50 for sub. 30min,6pm-8am: $4 per entry,8.01am-6pm: $3 for 1st hr; $1.50 for sub. 30min,$4 per entry
382,Yotel Singapore (shared carpark with International Building),7am-6pm: $3 for 1st hr or part thereof.; $1.50 for sub. 30min or part thereof.,6pm-7am: $4 per entry,7am-6pm: $3 for 1st hr or part thereof.; $1.50 for sub. 30min or part thereof.,7am-6pm: $3 for 1st hr or part thereof.; $1.50 for sub. 30min or part thereof.
